,Gas (corrected)
2020-03-09 00:00:00,0.2371841729587744
2020-03-09 00:30:00,0.223706457636538
2020-03-09 01:00:00,0.2165525083358917
2020-03-09 01:30:00,0.21515322047801302
2020-03-09 02:00:00,0.22055926165285183
2020-03-09 02:30:00,0.22593700219903476
2020-03-09 03:00:00,0.2395797280092496
2020-03-09 03:30:00,0.2568418625350106
2020-03-09 04:00:00,0.3039196207487075
2020-03-09 04:30:00,0.3824880663622176
2020-03-09 05:00:00,0.5925268596097588
2020-03-09 05:30:00,0.8672499734290009
2020-03-09 06:00:00,1.3263399090150467
2020-03-09 06:30:00,1.6058723879208991
2020-03-09 07:00:00,1.6296936792171386
2020-03-09 07:30:00,1.4268035694089958
2020-03-09 08:00:00,1.1514859085882068
2020-03-09 08:30:00,0.8851138430656708
2020-03-09 09:00:00,0.7308244244215002
2020-03-09 09:30:00,0.6465796837272422
2020-03-09 10:00:00,0.5918297283228288
2020-03-09 10:30:00,0.557868101577932
2020-03-09 11:00:00,0.548417674323746
2020-03-09 11:30:00,0.5658171327749754
2020-03-09 12:00:00,0.6220900210593038
2020-03-09 12:30:00,0.6290340003228638
2020-03-09 13:00:00,0.6496030987821715
2020-03-09 13:30:00,0.6725655074231847
2020-03-09 14:00:00,0.7424362707525316
2020-03-09 14:30:00,0.8177526408414333
2020-03-09 15:00:00,0.983861955426022
2020-03-09 15:30:00,1.1646225948419326
2020-03-09 16:00:00,1.423737757628017
2020-03-09 16:30:00,1.6022339834658208
2020-03-09 17:00:00,1.7149670071626169
2020-03-09 17:30:00,1.6919266244348425
2020-03-09 18:00:00,1.7033988450696855
2020-03-09 18:30:00,1.6351666992900562
2020-03-09 19:00:00,1.5386643364649044
2020-03-09 19:30:00,1.4448946434869
2020-03-09 20:00:00,1.3270578449252515
2020-03-09 20:30:00,1.1931944823268466
2020-03-09 21:00:00,1.0185010242918004
2020-03-09 21:30:00,0.8463063563700737
2020-03-09 22:00:00,0.6301331647241732
2020-03-09 22:30:00,0.44690702871632776
2020-03-09 23:00:00,0.3240375595295287
2020-03-09 23:30:00,0.25816417980667333
2020-03-10 00:00:00,0.22876868471857728
2020-03-10 00:30:00,0.2080714163706458
2020-03-10 01:00:00,0.19782657918170052
2020-03-10 01:30:00,0.18966992443198308
2020-03-10 02:00:00,0.19448269323056805
2020-03-10 02:30:00,0.19514832798177575
2020-03-10 03:00:00,0.20115517707247996
2020-03-10 03:30:00,0.2120980552163065
2020-03-10 04:00:00,0.25595332096190915
2020-03-10 04:30:00,0.3300868872585163
2020-03-10 05:00:00,0.5406745585863576
2020-03-10 05:30:00,0.8115511909529344
2020-03-10 06:00:00,1.2492801913547857
2020-03-10 06:30:00,1.5065266131964212
2020-03-10 07:00:00,1.4864061738125773
2020-03-10 07:30:00,1.2850939919791484
2020-03-10 08:00:00,1.0237224772756672
2020-03-10 08:30:00,0.7922429647692436
2020-03-10 09:00:00,0.6622573480055063
2020-03-10 09:30:00,0.5902436259327888
2020-03-10 10:00:00,0.5428048839056661
2020-03-10 10:30:00,0.5080232492675961
2020-03-10 11:00:00,0.5010953234428639
2020-03-10 11:30:00,0.49897664340669273
2020-03-10 12:00:00,0.5520536154998469
2020-03-10 12:30:00,0.525616475382174
2020-03-10 13:00:00,0.5248798107176585
2020-03-10 13:30:00,0.5130994645446503
2020-03-10 14:00:00,0.5348475648441664
2020-03-10 14:30:00,0.5653359680147143
2020-03-10 15:00:00,0.6977519586718044
2020-03-10 15:30:00,0.8236487766913909
2020-03-10 16:00:00,1.0651037487545738
2020-03-10 16:30:00,1.2569366050171282
2020-03-10 17:00:00,1.3956858866457187
2020-03-10 17:30:00,1.3918965129985617
2020-03-10 18:00:00,1.4382233054601672
2020-03-10 18:30:00,1.3762300321327097
2020-03-10 19:00:00,1.3013743918610485
2020-03-10 19:30:00,1.2078014440154716
2020-03-10 20:00:00,1.1103752372732345
2020-03-10 20:30:00,0.9972615775266055
2020-03-10 21:00:00,0.8635546405568478
2020-03-10 21:30:00,0.7206440992843749
2020-03-10 22:00:00,0.5444897944197908
2020-03-10 22:30:00,0.39122456248230325
2020-03-10 23:00:00,0.2901293949528589
2020-03-10 23:30:00,0.2369503684453371
2020-03-11 00:00:00,0.20715905908010002
2020-03-11 00:30:00,0.18673569506552168
2020-03-11 01:00:00,0.18468541473542655
2020-03-11 01:30:00,0.18098237368259376
2020-03-11 02:00:00,0.18597576508617567
2020-03-11 02:30:00,0.1877999944737005
2020-03-11 03:00:00,0.19897704637019561
2020-03-11 03:30:00,0.21455908336430826
2020-03-11 04:00:00,0.2617448367851581
2020-03-11 04:30:00,0.341194004077038
2020-03-11 05:00:00,0.5422498046009995
2020-03-11 05:30:00,0.8189974928899403
2020-03-11 06:00:00,1.2559221286545619
2020-03-11 06:30:00,1.5249706627990776
2020-03-11 07:00:00,1.504923646959092
2020-03-11 07:30:00,1.2881720172874473
2020-03-11 08:00:00,1.013159056881111
2020-03-11 08:30:00,0.7662443887543425
2020-03-11 09:00:00,0.6348103174672141
2020-03-11 09:30:00,0.5550959186686482
2020-03-11 10:00:00,0.4964848414828822
2020-03-11 10:30:00,0.45475960497582824
2020-03-11 11:00:00,0.4404054107033974
2020-03-11 11:30:00,0.4323292022773903
2020-03-11 12:00:00,0.48248452587415847
2020-03-11 12:30:00,0.4575663085221666
2020-03-11 13:00:00,0.4508401455824427
2020-03-11 13:30:00,0.4604288490030287
2020-03-11 14:00:00,0.49508642053820323
2020-03-11 14:30:00,0.5349187316704594
2020-03-11 15:00:00,0.6581287015288176
2020-03-11 15:30:00,0.8059366071748167
2020-03-11 16:00:00,1.060699721717543
2020-03-11 16:30:00,1.257593827888031
2020-03-11 17:00:00,1.404621966690943
2020-03-11 17:30:00,1.4226585227330233
2020-03-11 18:00:00,1.4809545819640209
2020-03-11 18:30:00,1.4240296955590948
2020-03-11 19:00:00,1.3521523073725
2020-03-11 19:30:00,1.2613135153884647
2020-03-11 20:00:00,1.1800776703545592
2020-03-11 20:30:00,1.0683882316194118
2020-03-11 21:00:00,0.9390142654629489
2020-03-11 21:30:00,0.7867023148648523
2020-03-11 22:00:00,0.6082767517829495
2020-03-11 22:30:00,0.4467367986460594
2020-03-11 23:00:00,0.3353447770331771
2020-03-11 23:30:00,0.28330406858719553
2020-03-12 00:00:00,0.25389323943354164
2020-03-12 00:30:00,0.23172062633362298
2020-03-12 01:00:00,0.23042463063577637
2020-03-12 01:30:00,0.23348580007279857
2020-03-12 02:00:00,0.24076494206330878
2020-03-12 02:30:00,0.24707636189202425
2020-03-12 03:00:00,0.2674170396327347
2020-03-12 03:30:00,0.28522469378546894
2020-03-12 04:00:00,0.3354551261038215
2020-03-12 04:30:00,0.4198642021739622
2020-03-12 05:00:00,0.640845042757837
2020-03-12 05:30:00,0.9306902607235022
2020-03-12 06:00:00,1.401214685145809
2020-03-12 06:30:00,1.711363036351197
2020-03-12 07:00:00,1.720222263305013
2020-03-12 07:30:00,1.4991963166453721
2020-03-12 08:00:00,1.2036330164253997
2020-03-12 08:30:00,0.9387335792038457
2020-03-12 09:00:00,0.7907205906493388
2020-03-12 09:30:00,0.7051461726358506
2020-03-12 10:00:00,0.6467663310716714
2020-03-12 10:30:00,0.6061651587787183
2020-03-12 11:00:00,0.5882356807947368
2020-03-12 11:30:00,0.5872395351515773
2020-03-12 12:00:00,0.636417404577732
2020-03-12 12:30:00,0.6066410320365794
2020-03-12 13:00:00,0.5975654234470152
2020-03-12 13:30:00,0.5974906660996601
2020-03-12 14:00:00,0.6332325171448783
2020-03-12 14:30:00,0.6809106218310332
2020-03-12 15:00:00,0.8224325819462718
2020-03-12 15:30:00,0.9634611745474462
2020-03-12 16:00:00,1.2540519465808626
2020-03-12 16:30:00,1.4851497072534658
2020-03-12 17:00:00,1.651066717718504
2020-03-12 17:30:00,1.6939381389674157
2020-03-12 18:00:00,1.7625788925832935
2020-03-12 18:30:00,1.7120795819633465
2020-03-12 19:00:00,1.6328539651559135
2020-03-12 19:30:00,1.5380311651735616
2020-03-12 20:00:00,1.4349758952623752
2020-03-12 20:30:00,1.3169101331231436
2020-03-12 21:00:00,1.153000530160133
2020-03-12 21:30:00,0.9773417425618669
2020-03-12 22:00:00,0.735686853195895
2020-03-12 22:30:00,0.5390360583876126
2020-03-12 23:00:00,0.40360506589363215
2020-03-12 23:30:00,0.33162507893710885
2020-03-13 00:00:00,0.29093395901300345
2020-03-13 00:30:00,0.26592427035340005
2020-03-13 01:00:00,0.2602765004762472
2020-03-13 01:30:00,0.25737782851395674
2020-03-13 02:00:00,0.2576986936231371
2020-03-13 02:30:00,0.26377151121234665
2020-03-13 03:00:00,0.2758251890521204
2020-03-13 03:30:00,0.2947826247018795
2020-03-13 04:00:00,0.345603329703076
2020-03-13 04:30:00,0.42702146036210686
2020-03-13 05:00:00,0.640223708665108
2020-03-13 05:30:00,0.9240325859188683
2020-03-13 06:00:00,1.3879601617942066
2020-03-13 06:30:00,1.6859266567523803
2020-03-13 07:00:00,1.7010105303289715
2020-03-13 07:30:00,1.4941598115178014
2020-03-13 08:00:00,1.2079244406221552
2020-03-13 08:30:00,0.9483077873154762
2020-03-13 09:00:00,0.8033264235126037
2020-03-13 09:30:00,0.7213632357596655
2020-03-13 10:00:00,0.6707443422438294
2020-03-13 10:30:00,0.6415468211351132
2020-03-13 11:00:00,0.6199012846719778
2020-03-13 11:30:00,0.6155460982790872
2020-03-13 12:00:00,0.6566913458584509
2020-03-13 12:30:00,0.6270270629747112
2020-03-13 13:00:00,0.6130656354255642
2020-03-13 13:30:00,0.5992698524541064
2020-03-13 14:00:00,0.6256887640357972
2020-03-13 14:30:00,0.6583960778973899
2020-03-13 15:00:00,0.7819521381488915
2020-03-13 15:30:00,0.91195947814632
2020-03-13 16:00:00,1.1859806800769899
2020-03-13 16:30:00,1.4003037057703147
2020-03-13 17:00:00,1.5421056020684345
2020-03-13 17:30:00,1.5394491705929236
2020-03-13 18:00:00,1.581649724522372
2020-03-13 18:30:00,1.5252551292216312
2020-03-13 19:00:00,1.4481307699222035
2020-03-13 19:30:00,1.3538913007931401
2020-03-13 20:00:00,1.255051836633333
2020-03-13 20:30:00,1.1466935426890212
2020-03-13 21:00:00,1.014285634534777
2020-03-13 21:30:00,0.8705381163070464
2020-03-13 22:00:00,0.6735608200279402
2020-03-13 22:30:00,0.5077185230837788
2020-03-13 23:00:00,0.3902195406295766
2020-03-13 23:30:00,0.3241770820984504
2020-03-14 00:00:00,0.2772211202750417
2020-03-14 00:30:00,0.2512350762278633
2020-03-14 01:00:00,0.23767981917610229
2020-03-14 01:30:00,0.2312864544379085
2020-03-14 02:00:00,0.2287958938362639
2020-03-14 02:30:00,0.22904477845748591
2020-03-14 03:00:00,0.23588731322487508
2020-03-14 03:30:00,0.24597797220845782
2020-03-14 04:00:00,0.2806536463861223
2020-03-14 04:30:00,0.3263553043388767
2020-03-14 05:00:00,0.45993266107106884
2020-03-14 05:30:00,0.6230809043468231
2020-03-14 06:00:00,0.952867081393542
2020-03-14 06:30:00,1.2123187856768234
2020-03-14 07:00:00,1.406003048979656
2020-03-14 07:30:00,1.4019704323600903
2020-03-14 08:00:00,1.3505832288854114
2020-03-14 08:30:00,1.211028724575561
2020-03-14 09:00:00,1.0746611685620493
2020-03-14 09:30:00,0.959035373227657
2020-03-14 10:00:00,0.8586584280803324
2020-03-14 10:30:00,0.7972448653898501
2020-03-14 11:00:00,0.7529567316818864
2020-03-14 11:30:00,0.7229091364584528
2020-03-14 12:00:00,0.763680074901747
2020-03-14 12:30:00,0.7208002816128438
2020-03-14 13:00:00,0.7120405173695409
2020-03-14 13:30:00,0.7053178204557908
2020-03-14 14:00:00,0.7271914508483754
2020-03-14 14:30:00,0.7556432747773372
2020-03-14 15:00:00,0.8618705704473412
2020-03-14 15:30:00,0.9466496482467553
2020-03-14 16:00:00,1.1909890165301014
2020-03-14 16:30:00,1.3348167347358135
2020-03-14 17:00:00,1.4357772295829891
2020-03-14 17:30:00,1.4010871626656507
2020-03-14 18:00:00,1.4148932694490413
2020-03-14 18:30:00,1.3304858888950708
2020-03-14 19:00:00,1.245922227853768
2020-03-14 19:30:00,1.1460323454852879
2020-03-14 20:00:00,1.0583969932611639
2020-03-14 20:30:00,0.9734557735244094
2020-03-14 21:00:00,0.8570215724258587
2020-03-14 21:30:00,0.7472822246594576
2020-03-14 22:00:00,0.5869197828834567
2020-03-14 22:30:00,0.4646739507134957
2020-03-14 23:00:00,0.3517991405434322
2020-03-14 23:30:00,0.2875735184124081
2020-03-15 00:00:00,0.2538983036618697
2020-03-15 00:30:00,0.22976283465095904
2020-03-15 01:00:00,0.2128522090302653
2020-03-15 01:30:00,0.20247561884354143
2020-03-15 02:00:00,0.1982331106111405
2020-03-15 02:30:00,0.1986437671461778
2020-03-15 03:00:00,0.20362695428356128
2020-03-15 03:30:00,0.21160593583673887
2020-03-15 04:00:00,0.23992104007527787
2020-03-15 04:30:00,0.2815964101263485
2020-03-15 05:00:00,0.40343297502833325
2020-03-15 05:30:00,0.5548932752947755
2020-03-15 06:00:00,0.857704681414288
2020-03-15 06:30:00,1.0926094759468314
2020-03-15 07:00:00,1.2661587364566456
2020-03-15 07:30:00,1.2564429385683888
2020-03-15 08:00:00,1.2207874114257884
2020-03-15 08:30:00,1.1096126946937985
2020-03-15 09:00:00,1.008331888236104
2020-03-15 09:30:00,0.9309786548893743
2020-03-15 10:00:00,0.8637956215433625
2020-03-15 10:30:00,0.8209913381554043
2020-03-15 11:00:00,0.8021174550430508
2020-03-15 11:30:00,0.7897973695853088
2020-03-15 12:00:00,0.8309827857702775
2020-03-15 12:30:00,0.7987445400450941
2020-03-15 13:00:00,0.7916639279372888
2020-03-15 13:30:00,0.7905417040909106
2020-03-15 14:00:00,0.793169553206048
2020-03-15 14:30:00,0.8002954015162648
2020-03-15 15:00:00,0.8736869209932285
2020-03-15 15:30:00,0.9408941329737849
2020-03-15 16:00:00,1.1642906606495007
2020-03-15 16:30:00,1.2787874665834316
2020-03-15 17:00:00,1.3853475920288516
2020-03-15 17:30:00,1.3936904541541337
2020-03-15 18:00:00,1.4523374720989273
2020-03-15 18:30:00,1.415086499378856
2020-03-15 19:00:00,1.3470631686939047
2020-03-15 19:30:00,1.2515122152802438
2020-03-15 20:00:00,1.1601634623767443
2020-03-15 20:30:00,1.0474257676333603
2020-03-15 21:00:00,0.9218733367443377
2020-03-15 21:30:00,0.7813922920307381
2020-03-15 22:00:00,0.6039865893224658
2020-03-15 22:30:00,0.448246505252452
2020-03-15 23:00:00,0.3274152746738901
2020-03-15 23:30:00,0.269635932890611
2020-03-16 00:00:00,0.244761459356731
2020-03-16 00:30:00,0.22533510324452585
2020-03-16 01:00:00,0.2197953373820152
2020-03-16 01:30:00,0.21684917639061416
2020-03-16 02:00:00,0.22223453581770589
2020-03-16 02:30:00,0.2257575283393533
2020-03-16 03:00:00,0.2449069839449848
2020-03-16 03:30:00,0.26129805601590644
2020-03-16 04:00:00,0.311170680790507
2020-03-16 04:30:00,0.39364955886898484
2020-03-16 05:00:00,0.6067985331441057
2020-03-16 05:30:00,0.8943195251600201
2020-03-16 06:00:00,1.3650922463273414
2020-03-16 06:30:00,1.6525773625112623
2020-03-16 07:00:00,1.6546283824083454
2020-03-16 07:30:00,1.4416870271032416
2020-03-16 08:00:00,1.149463918827417
2020-03-16 08:30:00,0.8737739395730744
2020-03-16 09:00:00,0.7150854283364009
2020-03-16 09:30:00,0.6105982446078275
2020-03-16 10:00:00,0.541299856510473
2020-03-16 10:30:00,0.5086228923540982
2020-03-16 11:00:00,0.48549714136339017
2020-03-16 11:30:00,0.4742817721189028
2020-03-16 12:00:00,0.5118020319864413
2020-03-16 12:30:00,0.46801427335420254
2020-03-16 13:00:00,0.44872579226069764
2020-03-16 13:30:00,0.4355646191457132
2020-03-16 14:00:00,0.4535280055558766
2020-03-16 14:30:00,0.4872180855371458
2020-03-16 15:00:00,0.6044138321670415
2020-03-16 15:30:00,0.7310577131862884
2020-03-16 16:00:00,1.0076425137896203
2020-03-16 16:30:00,1.2340023008642433
2020-03-16 17:00:00,1.40801311928655
2020-03-16 17:30:00,1.4586642630875344
2020-03-16 18:00:00,1.5488678761191121
2020-03-16 18:30:00,1.5072707975681237
2020-03-16 19:00:00,1.4286360740349313
2020-03-16 19:30:00,1.3377117127166878
2020-03-16 20:00:00,1.2431294717784573
2020-03-16 20:30:00,1.1315077328814542
2020-03-16 21:00:00,0.9785696172519515
2020-03-16 21:30:00,0.8265576290331292
2020-03-16 22:00:00,0.6221695755660864
2020-03-16 22:30:00,0.45299702290403604
2020-03-16 23:00:00,0.33551590296084793
2020-03-16 23:30:00,0.2747408113593852
2020-03-17 00:00:00,0.2412632618735082
2020-03-17 00:30:00,0.21896348120119877
2020-03-17 01:00:00,0.21178975244242326
2020-03-17 01:30:00,0.20460505693340833
2020-03-17 02:00:00,0.20816940742910625
2020-03-17 02:30:00,0.20912635608523228
2020-03-17 03:00:00,0.22319392646988467
2020-03-17 03:30:00,0.23640787777372022
2020-03-17 04:00:00,0.28238775846941994
2020-03-17 04:30:00,0.3642053909054
2020-03-17 05:00:00,0.5722318104266757
2020-03-17 05:30:00,0.8474417454091466
2020-03-17 06:00:00,1.304410361707583
2020-03-17 06:30:00,1.568655106007894
2020-03-17 07:00:00,1.558704375329221
2020-03-17 07:30:00,1.3550636874115154
2020-03-17 08:00:00,1.0878494248757369
2020-03-17 08:30:00,0.8507308375951
2020-03-17 09:00:00,0.7077531843882363
2020-03-17 09:30:00,0.6263077235762932
2020-03-17 10:00:00,0.5726249399376965
2020-03-17 10:30:00,0.5433748565597369
2020-03-17 11:00:00,0.5298488576527556
2020-03-17 11:30:00,0.5251217534644591
2020-03-17 12:00:00,0.5637015932790087
2020-03-17 12:30:00,0.5380394309636917
2020-03-17 13:00:00,0.541752053723022
2020-03-17 13:30:00,0.5556362234447018
2020-03-17 14:00:00,0.5852149217006307
2020-03-17 14:30:00,0.6171133665003447
2020-03-17 15:00:00,0.7346877200352097
2020-03-17 15:30:00,0.8607219532784146
2020-03-17 16:00:00,1.1196623972301802
2020-03-17 16:30:00,1.3025905911426099
2020-03-17 17:00:00,1.4301740440191018
2020-03-17 17:30:00,1.417068805710927
2020-03-17 18:00:00,1.4634882942057967
2020-03-17 18:30:00,1.3919277743178113
2020-03-17 19:00:00,1.3025751384812583
2020-03-17 19:30:00,1.2148337448612267
2020-03-17 20:00:00,1.1017341266212977
2020-03-17 20:30:00,0.985876358344811
2020-03-17 21:00:00,0.8479523073888267
2020-03-17 21:30:00,0.7052485207371567
2020-03-17 22:00:00,0.5283794080704574
2020-03-17 22:30:00,0.377103372455096
2020-03-17 23:00:00,0.2786766142267807
2020-03-17 23:30:00,0.22405927898069325
2020-03-18 00:00:00,0.19526267048078383
2020-03-18 00:30:00,0.1765198739991095
2020-03-18 01:00:00,0.16920006443056337
2020-03-18 01:30:00,0.1648660158022133
2020-03-18 02:00:00,0.16399781905494057
2020-03-18 02:30:00,0.16418958701574038
2020-03-18 03:00:00,0.1754698381570244
2020-03-18 03:30:00,0.1861314483895663
2020-03-18 04:00:00,0.22812767722516772
2020-03-18 04:30:00,0.3023379470017609
2020-03-18 05:00:00,0.49324404845306274
2020-03-18 05:30:00,0.7521143491127192
2020-03-18 06:00:00,1.1562678266428377
2020-03-18 06:30:00,1.387271822332849
2020-03-18 07:00:00,1.3771610397362157
2020-03-18 07:30:00,1.2143818373234398
2020-03-18 08:00:00,1.0057486361882588
2020-03-18 08:30:00,0.8196595138057975
2020-03-18 09:00:00,0.7154318633144541
2020-03-18 09:30:00,0.6566218245260057
2020-03-18 10:00:00,0.6227158830905318
2020-03-18 10:30:00,0.604183259701476
2020-03-18 11:00:00,0.6061820838493054
2020-03-18 11:30:00,0.6147467438346701
2020-03-18 12:00:00,0.6653456370219077
2020-03-18 12:30:00,0.6437913033301504
2020-03-18 13:00:00,0.6395208774219685
2020-03-18 13:30:00,0.6393979963228175
2020-03-18 14:00:00,0.6536967465523774
2020-03-18 14:30:00,0.6758580256528226
2020-03-18 15:00:00,0.78826318983689
2020-03-18 15:30:00,0.9099139796393669
2020-03-18 16:00:00,1.1530234570910063
2020-03-18 16:30:00,1.33633622476349
2020-03-18 17:00:00,1.452928727774647
2020-03-18 17:30:00,1.4225598833217177
2020-03-18 18:00:00,1.4749266574208342
2020-03-18 18:30:00,1.417604325782084
2020-03-18 19:00:00,1.34106634449582
2020-03-18 19:30:00,1.2467126627185585
2020-03-18 20:00:00,1.1560289078418944
2020-03-18 20:30:00,1.0431319722067958
2020-03-18 21:00:00,0.9094666828396535
2020-03-18 21:30:00,0.763896774712721
2020-03-18 22:00:00,0.5799237275639044
2020-03-18 22:30:00,0.4242420277057095
2020-03-18 23:00:00,0.31850039945704134
2020-03-18 23:30:00,0.2602122453370453
2020-03-19 00:00:00,0.22559694419813864
2020-03-19 00:30:00,0.20488246565050933
2020-03-19 01:00:00,0.19853683975639375
2020-03-19 01:30:00,0.1948057317781744
2020-03-19 02:00:00,0.1973380150263895
2020-03-19 02:30:00,0.1988616663410688
2020-03-19 03:00:00,0.2147401656974583
2020-03-19 03:30:00,0.2256345769482094
2020-03-19 04:00:00,0.2719873863025778
2020-03-19 04:30:00,0.35119673655557604
2020-03-19 05:00:00,0.5557027735261401
2020-03-19 05:30:00,0.8269239857990798
2020-03-19 06:00:00,1.2678466374609711
2020-03-19 06:30:00,1.520908898896602
2020-03-19 07:00:00,1.523003756346241
2020-03-19 07:30:00,1.3590472961552564
2020-03-19 08:00:00,1.1449552177899223
2020-03-19 08:30:00,0.9358603467069887
2020-03-19 09:00:00,0.811368415684059
2020-03-19 09:30:00,0.7400020055398371
2020-03-19 10:00:00,0.7015132750968041
2020-03-19 10:30:00,0.6755466099832477
2020-03-19 11:00:00,0.6718157521601158
2020-03-19 11:30:00,0.670240232857968
2020-03-19 12:00:00,0.7255253394940303
2020-03-19 12:30:00,0.7042226433489178
2020-03-19 13:00:00,0.6960005741244917
2020-03-19 13:30:00,0.6962031885907016
2020-03-19 14:00:00,0.7097744292488226
2020-03-19 14:30:00,0.743838387748239
2020-03-19 15:00:00,0.8692086683874564
2020-03-19 15:30:00,0.9906888210117333
2020-03-19 16:00:00,1.2555971502041523
2020-03-19 16:30:00,1.453544698067884
2020-03-19 17:00:00,1.5962311108950173
2020-03-19 17:30:00,1.5870073436094305
2020-03-19 18:00:00,1.6438671860065464
2020-03-19 18:30:00,1.581782477754677
2020-03-19 19:00:00,1.4960575984121036
2020-03-19 19:30:00,1.3999842262722264
2020-03-19 20:00:00,1.286250683277895
2020-03-19 20:30:00,1.1699455086371102
2020-03-19 21:00:00,1.0088125775358328
2020-03-19 21:30:00,0.8513519539380918
2020-03-19 22:00:00,0.6466020405301603
2020-03-19 22:30:00,0.4676375420905429
2020-03-19 23:00:00,0.35521618174226344
2020-03-19 23:30:00,0.2887369317616243
2020-03-20 00:00:00,0.24917187025874651
2020-03-20 00:30:00,0.23227942855064637
2020-03-20 01:00:00,0.22575987126475253
2020-03-20 01:30:00,0.22451208665080222
2020-03-20 02:00:00,0.22572462947504304
2020-03-20 02:30:00,0.2303337396998821
2020-03-20 03:00:00,0.24373542964652498
2020-03-20 03:30:00,0.2623852262457444
2020-03-20 04:00:00,0.3092745352166738
2020-03-20 04:30:00,0.39182260496395643
2020-03-20 05:00:00,0.5985702711125849
2020-03-20 05:30:00,0.8738780755562547
2020-03-20 06:00:00,1.324073640339963
2020-03-20 06:30:00,1.5943447541072397
2020-03-20 07:00:00,1.6021731868743512
2020-03-20 07:30:00,1.428140135530468
2020-03-20 08:00:00,1.1935908478925636
2020-03-20 08:30:00,0.9705476395930465
2020-03-20 09:00:00,0.826434846855294
2020-03-20 09:30:00,0.7471919689232571
2020-03-20 10:00:00,0.6958265216095135
2020-03-20 10:30:00,0.6682484689171785
2020-03-20 11:00:00,0.6570773291055312
2020-03-20 11:30:00,0.6532948470741977
2020-03-20 12:00:00,0.7102689324054751
2020-03-20 12:30:00,0.6862938643038105
2020-03-20 13:00:00,0.6815294301839421
2020-03-20 13:30:00,0.6788448387073489
2020-03-20 14:00:00,0.6959276514325784
2020-03-20 14:30:00,0.7247328470198562
2020-03-20 15:00:00,0.8315699984375661
2020-03-20 15:30:00,0.957275315259796
2020-03-20 16:00:00,1.2225043072310708
2020-03-20 16:30:00,1.4207941823213832
2020-03-20 17:00:00,1.5610757740713221
2020-03-20 17:30:00,1.588077538759369
2020-03-20 18:00:00,1.6707127316664487
2020-03-20 18:30:00,1.6333191151999855
2020-03-20 19:00:00,1.5486191424052262
2020-03-20 19:30:00,1.447958056758989
2020-03-20 20:00:00,1.3468381815887611
2020-03-20 20:30:00,1.240199678569919
2020-03-20 21:00:00,1.0957187498106733
2020-03-20 21:30:00,0.9463978112628179
2020-03-20 22:00:00,0.7350250403715044
2020-03-20 22:30:00,0.5539612366420964
2020-03-20 23:00:00,0.43128296743531014
2020-03-20 23:30:00,0.35624342602854286
2020-03-21 00:00:00,0.3078847079364268
2020-03-21 00:30:00,0.2808348305807412
2020-03-21 01:00:00,0.2687442163119204
2020-03-21 01:30:00,0.2612307061014854
2020-03-21 02:00:00,0.26074384715358884
2020-03-21 02:30:00,0.2615811268249939
2020-03-21 03:00:00,0.2734826463714308
2020-03-21 03:30:00,0.2848539963111478
2020-03-21 04:00:00,0.3261191155998824
2020-03-21 04:30:00,0.37945619883236203
2020-03-21 05:00:00,0.5223801047806071
2020-03-21 05:30:00,0.7001213694068383
2020-03-21 06:00:00,1.0412070538380716
2020-03-21 06:30:00,1.321904991308447
2020-03-21 07:00:00,1.511241685463772
2020-03-21 07:30:00,1.4831671498750296
2020-03-21 08:00:00,1.399970785921278
2020-03-21 08:30:00,1.239805130003342
2020-03-21 09:00:00,1.0886476913722618
2020-03-21 09:30:00,0.9724780075709938
2020-03-21 10:00:00,0.8659106841730414
2020-03-21 10:30:00,0.80775166484313
2020-03-21 11:00:00,0.7645355395971065
2020-03-21 11:30:00,0.7504894945710343
2020-03-21 12:00:00,0.789776838551928
2020-03-21 12:30:00,0.7437406063354248
2020-03-21 13:00:00,0.721265000339084
2020-03-21 13:30:00,0.7157367021329998
2020-03-21 14:00:00,0.7327403537545543
2020-03-21 14:30:00,0.7679130541952595
2020-03-21 15:00:00,0.872618177784703
2020-03-21 15:30:00,0.9918768819834536
2020-03-21 16:00:00,1.285462766134582
2020-03-21 16:30:00,1.4873989885843186
2020-03-21 17:00:00,1.6481963363884893
2020-03-21 17:30:00,1.668776990785944
2020-03-21 18:00:00,1.7098661588001574
2020-03-21 18:30:00,1.6442533364904586
2020-03-21 19:00:00,1.5529864130936115
2020-03-21 19:30:00,1.4384644830336457
2020-03-21 20:00:00,1.33058168571994
2020-03-21 20:30:00,1.2275984071744381
2020-03-21 21:00:00,1.078875510517104
2020-03-21 21:30:00,0.9334534739954014
2020-03-21 22:00:00,0.7290805907809529
2020-03-21 22:30:00,0.5653053043471518
2020-03-21 23:00:00,0.4235507177997328
2020-03-21 23:30:00,0.3462170261202626
2020-03-22 00:00:00,0.30721083240633
2020-03-22 00:30:00,0.278725683909652
2020-03-22 01:00:00,0.2702979013286087
2020-03-22 01:30:00,0.2616348544394294
2020-03-22 02:00:00,0.26314244983225765
2020-03-22 02:30:00,0.26669297731272995
2020-03-22 03:00:00,0.27754768698028737
2020-03-22 03:30:00,0.29321035159467673
2020-03-22 04:00:00,0.3298489026577874
2020-03-22 04:30:00,0.3831603483523032
2020-03-22 05:00:00,0.519180847212775
2020-03-22 05:30:00,0.6932775134038701
2020-03-22 06:00:00,1.0359895386926012
2020-03-22 06:30:00,1.3123410853235387
2020-03-22 07:00:00,1.5167110254352938
2020-03-22 07:30:00,1.5019245647521227
2020-03-22 08:00:00,1.4356788338005917
2020-03-22 08:30:00,1.2862941038200448
2020-03-22 09:00:00,1.1378350100399286
2020-03-22 09:30:00,1.01007497738256
2020-03-22 10:00:00,0.9029623499791876
2020-03-22 10:30:00,0.8195227705153135
2020-03-22 11:00:00,0.7680487343724246
2020-03-22 11:30:00,0.7405994604111465
2020-03-22 12:00:00,0.7621752462158805
2020-03-22 12:30:00,0.6989588874514584
2020-03-22 13:00:00,0.6554666049481064
2020-03-22 13:30:00,0.6200530489645314
2020-03-22 14:00:00,0.6142009481731336
2020-03-22 14:30:00,0.6210380700682052
2020-03-22 15:00:00,0.7000508030701361
2020-03-22 15:30:00,0.7814243513839918
2020-03-22 16:00:00,1.0558688932953544
2020-03-22 16:30:00,1.2204154679349764
2020-03-22 17:00:00,1.3810804707725923
2020-03-22 17:30:00,1.4380790854800518
2020-03-22 18:00:00,1.6022623725635692
2020-03-22 18:30:00,1.599103206479743
2020-03-22 19:00:00,1.5233720306917746
2020-03-22 19:30:00,1.3940986505164685
2020-03-22 20:00:00,1.2935917492847449
2020-03-22 20:30:00,1.1691417479857096
2020-03-22 21:00:00,1.0238908348585032
2020-03-22 21:30:00,0.8755746333536416
2020-03-22 22:00:00,0.67008953243338
2020-03-22 22:30:00,0.4973032040416018
2020-03-22 23:00:00,0.36929643915351185
2020-03-22 23:30:00,0.3033075168894261
2020-03-30 00:00:00,0.3598943548371952
2020-03-30 00:30:00,0.32002857668156565
2020-03-30 01:00:00,0.3056036449276975
2020-03-30 01:30:00,0.2971492084775233
2020-03-30 02:00:00,0.29514428945126564
2020-03-30 02:30:00,0.30228211983663994
2020-03-30 03:00:00,0.3124916163277909
2020-03-30 03:30:00,0.3266174334075603
2020-03-30 04:00:00,0.37692027386652344
2020-03-30 04:30:00,0.44033884039225407
2020-03-30 05:00:00,0.6160873858800096
2020-03-30 05:30:00,0.8596765045558681
2020-03-30 06:00:00,1.2828925148008388
2020-03-30 06:30:00,1.5979330338716904
2020-03-30 07:00:00,1.7435699788584214
2020-03-30 07:30:00,1.7091735696113037
2020-03-30 08:00:00,1.614650788543713
2020-03-30 08:30:00,1.4506491346107167
2020-03-30 09:00:00,1.2990391596297484
2020-03-30 09:30:00,1.2144252176649464
2020-03-30 10:00:00,1.1583035757816893
2020-03-30 10:30:00,1.1313082291322292
2020-03-30 11:00:00,1.1125157988965482
2020-03-30 11:30:00,1.0975531957822509
2020-03-30 12:00:00,1.1367631102280258
2020-03-30 12:30:00,1.1086254016439685
2020-03-30 13:00:00,1.1014376883895167
2020-03-30 13:30:00,1.0829420103090701
2020-03-30 14:00:00,1.0665599221162454
2020-03-30 14:30:00,1.0792381277476393
2020-03-30 15:00:00,1.1500181804494116
2020-03-30 15:30:00,1.1973545199341284
2020-03-30 16:00:00,1.4081090416822246
2020-03-30 16:30:00,1.5703856657178146
2020-03-30 17:00:00,1.7024771076094911
2020-03-30 17:30:00,1.698237529713414
2020-03-30 18:00:00,1.7637872234351808
2020-03-30 18:30:00,1.7320409825761112
2020-03-30 19:00:00,1.7128360747668254
2020-03-30 19:30:00,1.6377528513763535
2020-03-30 20:00:00,1.5343522071945201
2020-03-30 20:30:00,1.3844724657766148
2020-03-30 21:00:00,1.202244957886026
2020-03-30 21:30:00,1.0281293813292027
2020-03-30 22:00:00,0.7970525026037201
2020-03-30 22:30:00,0.5885392191851664
2020-03-30 23:00:00,0.4341622164148614
2020-03-30 23:30:00,0.3474357907777503
2020-03-31 00:00:00,0.296934167272726
2020-03-31 00:30:00,0.2700425730898421
2020-03-31 01:00:00,0.259127586243826
2020-03-31 01:30:00,0.25299761848655716
2020-03-31 02:00:00,0.24999580131452398
2020-03-31 02:30:00,0.2540205895297268
2020-03-31 03:00:00,0.2691704565280673
2020-03-31 03:30:00,0.281900781081327
2020-03-31 04:00:00,0.326929789534902
2020-03-31 04:30:00,0.39313872657135707
2020-03-31 05:00:00,0.5741771578401921
2020-03-31 05:30:00,0.8240802175965332
2020-03-31 06:00:00,1.253470708651316
2020-03-31 06:30:00,1.566347779844798
2020-03-31 07:00:00,1.6679631535910275
2020-03-31 07:30:00,1.609575991891704
2020-03-31 08:00:00,1.4718943993095959
2020-03-31 08:30:00,1.2737011715945803
2020-03-31 09:00:00,1.109953729684676
2020-03-31 09:30:00,1.0367443487439374
2020-03-31 10:00:00,0.9879311407949988
2020-03-31 10:30:00,0.9547633360065665
2020-03-31 11:00:00,0.9387085304840751
2020-03-31 11:30:00,0.9302442491357708
2020-03-31 12:00:00,0.9694057180762012
2020-03-31 12:30:00,0.9420621903954366
2020-03-31 13:00:00,0.9274150748467859
2020-03-31 13:30:00,0.8942089867055827
2020-03-31 14:00:00,0.8804097607760919
2020-03-31 14:30:00,0.8719797937690995
2020-03-31 15:00:00,0.9432479415055542
2020-03-31 15:30:00,1.0059110245363994
2020-03-31 16:00:00,1.2417371962498558
2020-03-31 16:30:00,1.4271980727172235
2020-03-31 17:00:00,1.586093544046033
2020-03-31 17:30:00,1.5846707443240184
2020-03-31 18:00:00,1.6443966146564175
2020-03-31 18:30:00,1.617510535770819
2020-03-31 19:00:00,1.6074311862730766
2020-03-31 19:30:00,1.5614709870795194
2020-03-31 20:00:00,1.4670229586027854
2020-03-31 20:30:00,1.3091651509828404
2020-03-31 21:00:00,1.1479765561730764
2020-03-31 21:30:00,0.9797078617566106
2020-03-31 22:00:00,0.7510737477277984
2020-03-31 22:30:00,0.5534334460727698
2020-03-31 23:00:00,0.4128092228093518
2020-03-31 23:30:00,0.3294791195535418
2020-04-01 00:00:00,0.2858095697630029
2020-04-01 00:30:00,0.2586442086819248
2020-04-01 01:00:00,0.24847420066935053
2020-04-01 01:30:00,0.24438079156735604
2020-04-01 02:00:00,0.2433713914363742
2020-04-01 02:30:00,0.24852746425649477
2020-04-01 03:00:00,0.26131623275204224
2020-04-01 03:30:00,0.2787052732633992
2020-04-01 04:00:00,0.3246937241380156
2020-04-01 04:30:00,0.39078286789718353
2020-04-01 05:00:00,0.5763585555034136
2020-04-01 05:30:00,0.8263759504218295
2020-04-01 06:00:00,1.2651055806155769
2020-04-01 06:30:00,1.5793854934232756
2020-04-01 07:00:00,1.680378510094027
2020-04-01 07:30:00,1.621174149847729
2020-04-01 08:00:00,1.5050257437403414
2020-04-01 08:30:00,1.3333624814584477
2020-04-01 09:00:00,1.1903977502389658
2020-04-01 09:30:00,1.1079951752595953
2020-04-01 10:00:00,1.0491205292244847
2020-04-01 10:30:00,0.9991186141165048
2020-04-01 11:00:00,0.9761132472663642
2020-04-01 11:30:00,0.9769594438220229
2020-04-01 12:00:00,1.0295045168242207
2020-04-01 12:30:00,1.005426719416667
2020-04-01 13:00:00,0.9973374891108121
2020-04-01 13:30:00,0.9768117191044119
2020-04-01 14:00:00,0.9785463834360606
2020-04-01 14:30:00,0.9929224118193698
2020-04-01 15:00:00,1.0823496248814437
2020-04-01 15:30:00,1.161257788557204
2020-04-01 16:00:00,1.3992408037267905
2020-04-01 16:30:00,1.578012751727092
2020-04-01 17:00:00,1.7292919628893382
2020-04-01 17:30:00,1.7292067192112839
2020-04-01 18:00:00,1.7788379932672158
2020-04-01 18:30:00,1.7182504364922904
2020-04-01 19:00:00,1.6718217057277256
2020-04-01 19:30:00,1.5831968185493992
2020-04-01 20:00:00,1.4800975642923404
2020-04-01 20:30:00,1.3227075735171698
2020-04-01 21:00:00,1.158490982391538
2020-04-01 21:30:00,0.9746493484341965
2020-04-01 22:00:00,0.7429349023336956
2020-04-01 22:30:00,0.5464283356000611
2020-04-01 23:00:00,0.4073486818549297
2020-04-01 23:30:00,0.3259067115253201
2020-04-02 00:00:00,0.27247536834767205
2020-04-02 00:30:00,0.24632799158664004
2020-04-02 01:00:00,0.23559711628848695
2020-04-02 01:30:00,0.22577106311509954
2020-04-02 02:00:00,0.22408209274988386
2020-04-02 02:30:00,0.2252168930862095
2020-04-02 03:00:00,0.23642534426335998
2020-04-02 03:30:00,0.249289881371485
2020-04-02 04:00:00,0.2875466102860877
2020-04-02 04:30:00,0.3539414324391195
2020-04-02 05:00:00,0.5332910977511036
2020-04-02 05:30:00,0.7767332260730642
2020-04-02 06:00:00,1.2118918343307754
2020-04-02 06:30:00,1.5088380944559503
2020-04-02 07:00:00,1.599119580760863
2020-04-02 07:30:00,1.5182802334718635
2020-04-02 08:00:00,1.384024511810457
2020-04-02 08:30:00,1.2051917705952595
2020-04-02 09:00:00,1.0553588884650107
2020-04-02 09:30:00,0.9741584737095015
2020-04-02 10:00:00,0.9001957442192915
2020-04-02 10:30:00,0.8543741074813815
2020-04-02 11:00:00,0.8402084032989886
2020-04-02 11:30:00,0.848412908251006
2020-04-02 12:00:00,0.9127277210518073
2020-04-02 12:30:00,0.8786228468104686
2020-04-02 13:00:00,0.8503639148884945
2020-04-02 13:30:00,0.7982623274302506
2020-04-02 14:00:00,0.7716187478834065
2020-04-02 14:30:00,0.7622126502704039
2020-04-02 15:00:00,0.8330522717455182
2020-04-02 15:30:00,0.8944429679029929
2020-04-02 16:00:00,1.1396199095541595
2020-04-02 16:30:00,1.2990408283147232
2020-04-02 17:00:00,1.4463292881705754
2020-04-02 17:30:00,1.4109582726744425
2020-04-02 18:00:00,1.4848924162463557
2020-04-02 18:30:00,1.457356666331795
2020-04-02 19:00:00,1.4576067202940564
2020-04-02 19:30:00,1.411469158379785
2020-04-02 20:00:00,1.4071770863975044
2020-04-02 20:30:00,1.1817005837226124
2020-04-02 21:00:00,1.0273212607920508
2020-04-02 21:30:00,0.8849293374194837
2020-04-02 22:00:00,0.6910815864467519
2020-04-02 22:30:00,0.5037635412476084
2020-04-02 23:00:00,0.37733108979100427
2020-04-02 23:30:00,0.30477457592455076
2020-04-03 00:00:00,0.253389988736341
2020-04-03 00:30:00,0.22651674582845613
2020-04-03 01:00:00,0.21499017856769212
2020-04-03 01:30:00,0.20508194528084797
2020-04-03 02:00:00,0.20233989261077132
2020-04-03 02:30:00,0.20309977695135079
2020-04-03 03:00:00,0.21219870636437851
2020-04-03 03:30:00,0.2260577977007695
2020-04-03 04:00:00,0.2674604798235742
2020-04-03 04:30:00,0.32442647253504386
2020-04-03 05:00:00,0.4971439795859656
2020-04-03 05:30:00,0.7317836354666427
2020-04-03 06:00:00,1.1427066286347205
2020-04-03 06:30:00,1.4274027531053448
2020-04-03 07:00:00,1.512181401227431
2020-04-03 07:30:00,1.4320831350702667
2020-04-03 08:00:00,1.3213636747258313
2020-04-03 08:30:00,1.1659096683752275
2020-04-03 09:00:00,1.027393759893147
2020-04-03 09:30:00,0.9488149811017496
2020-04-03 10:00:00,0.8912357121463522
2020-04-03 10:30:00,0.8540089389434833
2020-04-03 11:00:00,0.8354056296473501
2020-04-03 11:30:00,0.8207066492264227
2020-04-03 12:00:00,0.8631399527697505
2020-04-03 12:30:00,0.8123554114020889
2020-04-03 13:00:00,0.7807557760680959
2020-04-03 13:30:00,0.734062419416338
2020-04-03 14:00:00,0.7085090047260729
2020-04-03 14:30:00,0.7014995964800055
2020-04-03 15:00:00,0.7727610751628976
2020-04-03 15:30:00,0.8165627250648007
2020-04-03 16:00:00,1.044764178222473
2020-04-03 16:30:00,1.2022049994146575
2020-04-03 17:00:00,1.3250455631311353
2020-04-03 17:30:00,1.2950557192700656
2020-04-03 18:00:00,1.3526442528448535
2020-04-03 18:30:00,1.314994302478113
2020-04-03 19:00:00,1.3294393533811202
2020-04-03 19:30:00,1.3093169715793749
2020-04-03 20:00:00,1.2737265444453285
2020-04-03 20:30:00,1.1268194637428115
2020-04-03 21:00:00,0.9786646961721128
2020-04-03 21:30:00,0.838120838606817
2020-04-03 22:00:00,0.6529129369833673
2020-04-03 22:30:00,0.49169107169953213
2020-04-03 23:00:00,0.3725499148948986
2020-04-03 23:30:00,0.299133565648655
2020-04-04 00:00:00,0.2521694699650699
2020-04-04 00:30:00,0.22082252250760162
2020-04-04 01:00:00,0.20656360763093784
2020-04-04 01:30:00,0.19732126084887228
2020-04-04 02:00:00,0.1975017597999628
2020-04-04 02:30:00,0.192948742311794
2020-04-04 03:00:00,0.2024267436848227
2020-04-04 03:30:00,0.20997838218060766
2020-04-04 04:00:00,0.24236345213624885
2020-04-04 04:30:00,0.28387013888579316
2020-04-04 05:00:00,0.3973588896492271
2020-04-04 05:30:00,0.5505357071322846
2020-04-04 06:00:00,0.8789118496675724
2020-04-04 06:30:00,1.1466878856614857
2020-04-04 07:00:00,1.3740632915962236
2020-04-04 07:30:00,1.3526220990685984
2020-04-04 08:00:00,1.2890312861858662
2020-04-04 08:30:00,1.1312078601507414
2020-04-04 09:00:00,0.9947005967478852
2020-04-04 09:30:00,0.8859624575670667
2020-04-04 10:00:00,0.7993602990074095
2020-04-04 10:30:00,0.7467117115338552
2020-04-04 11:00:00,0.7122402527270052
2020-04-04 11:30:00,0.6890442375325726
2020-04-04 12:00:00,0.731722939890418
2020-04-04 12:30:00,0.6777025904223439
2020-04-04 13:00:00,0.6589409560339463
2020-04-04 13:30:00,0.6301945623339036
2020-04-04 14:00:00,0.6268363836754702
2020-04-04 14:30:00,0.6241372420113437
2020-04-04 15:00:00,0.6853943568279208
2020-04-04 15:30:00,0.7232686490249277
2020-04-04 16:00:00,0.9460952468612069
2020-04-04 16:30:00,1.0605057004371792
2020-04-04 17:00:00,1.1764582866924505
2020-04-04 17:30:00,1.144468948812505
2020-04-04 18:00:00,1.1823699994787267
2020-04-04 18:30:00,1.1405106179363376
2020-04-04 19:00:00,1.1542304248603723
2020-04-04 19:30:00,1.1306920343869347
2020-04-04 20:00:00,1.1081274161033967
2020-04-04 20:30:00,0.9936417981469637
2020-04-04 21:00:00,0.8563969281005079
2020-04-04 21:30:00,0.7341397941768455
2020-04-04 22:00:00,0.5857717532136016
2020-04-04 22:30:00,0.44571017673671903
2020-04-04 23:00:00,0.32571010120612615
2020-04-04 23:30:00,0.2628677004598039
2020-04-05 00:00:00,0.2260110937196845
2020-04-05 00:30:00,0.19571830593293885
2020-04-05 01:00:00,0.1836764554305883
2020-04-05 01:30:00,0.17241932995439382
2020-04-05 02:00:00,0.17225307920710614
2020-04-05 02:30:00,0.17034459642996463
2020-04-05 03:00:00,0.17694774588007853
2020-04-05 03:30:00,0.18187697153533391
2020-04-05 04:00:00,0.21267797413609496
2020-04-05 04:30:00,0.2479911978872857
2020-04-05 05:00:00,0.34744390954329674
2020-04-05 05:30:00,0.4922711881519073
2020-04-05 06:00:00,0.8000387534707591
2020-04-05 06:30:00,1.0536307926968784
2020-04-05 07:00:00,1.248370830048777
2020-04-05 07:30:00,1.1987056132465432
2020-04-05 08:00:00,1.1091050001537215
2020-04-05 08:30:00,0.9244411303213629
2020-04-05 09:00:00,0.7934324425228377
2020-04-05 09:30:00,0.6912984131124308
2020-04-05 10:00:00,0.617259875465754
2020-04-05 10:30:00,0.5641394690494046
2020-04-05 11:00:00,0.5318870788910385
2020-04-05 11:30:00,0.516973959107454
2020-04-05 12:00:00,0.5523896815441582
2020-04-05 12:30:00,0.49784562809001676
2020-04-05 13:00:00,0.4656424971072278
2020-04-05 13:30:00,0.4301995409697734
2020-04-05 14:00:00,0.4091203149054104
2020-04-05 14:30:00,0.39681360116425285
2020-04-05 15:00:00,0.4368935314841106
2020-04-05 15:30:00,0.47341269077176223
2020-04-05 16:00:00,0.6715785305809929
2020-04-05 16:30:00,0.7528521975474641
2020-04-05 17:00:00,0.8522881294081384
2020-04-05 17:30:00,0.8271356485899619
2020-04-05 18:00:00,0.8879808604998468
2020-04-05 18:30:00,0.8704887379684673
2020-04-05 19:00:00,0.8819798354360058
2020-04-05 19:30:00,0.8610971313820073
2020-04-05 20:00:00,0.8268609114028014
2020-04-05 20:30:00,0.719675485993003
2020-04-05 21:00:00,0.6157988431426251
2020-04-05 21:30:00,0.49453619324046705
2020-04-05 22:00:00,0.39134766905613566
2020-04-05 22:30:00,0.2934458886385809
2020-04-05 23:00:00,0.20959884517620603
2020-04-05 23:30:00,0.16218783097583375
2020-04-06 00:00:00,0.14126280270743477
2020-04-06 00:30:00,0.12008566238912584
2020-04-06 01:00:00,0.11118772468377855
2020-04-06 01:30:00,0.10395416007098743
2020-04-06 02:00:00,0.09921313822892361
2020-04-06 02:30:00,0.0982335884564219
2020-04-06 03:00:00,0.10501708332341735
2020-04-06 03:30:00,0.1090642479799777
2020-04-06 04:00:00,0.13530514042241412
2020-04-06 04:30:00,0.17182081121670198
2020-04-06 05:00:00,0.2858120936254724
2020-04-06 05:30:00,0.4426784957477038
2020-04-06 06:00:00,0.7216454395531683
2020-04-06 06:30:00,0.8932154534407126
2020-04-06 07:00:00,0.928004108214555
2020-04-06 07:30:00,0.8603393856828628
2020-04-06 08:00:00,0.7693296659167705
2020-04-06 08:30:00,0.6561349743277144
2020-04-06 09:00:00,0.5611873360313653
2020-04-06 09:30:00,0.5099088939034505
2020-04-06 10:00:00,0.47952858387551595
2020-04-06 10:30:00,0.45528522750630157
2020-04-06 11:00:00,0.4386577538134062
2020-04-06 11:30:00,0.4275015725968204
2020-04-06 12:00:00,0.45641435545735143
2020-04-06 12:30:00,0.4204990244683291
2020-04-06 13:00:00,0.40033030609007375
2020-04-06 13:30:00,0.37392140801975216
2020-04-06 14:00:00,0.3596793585440777
2020-04-06 14:30:00,0.3478297920743831
2020-04-06 15:00:00,0.38671136166419984
2020-04-06 15:30:00,0.41505587335082905
2020-04-06 16:00:00,0.5642018370610887
2020-04-06 16:30:00,0.6668653613034289
2020-04-06 17:00:00,0.769345583768188
2020-04-06 17:30:00,0.755053144628247
2020-04-06 18:00:00,0.8185187692108209
2020-04-06 18:30:00,0.811792449504818
2020-04-06 19:00:00,0.8361967627562663
2020-04-06 19:30:00,0.8526836274985701
2020-04-06 20:00:00,0.8672005734305275
2020-04-06 20:30:00,0.7779519634410333
2020-04-06 21:00:00,0.6654971046594862
2020-04-06 21:30:00,0.558082407322504
2020-04-06 22:00:00,0.443042857971172
2020-04-06 22:30:00,0.3317647274856795
2020-04-06 23:00:00,0.24408569258776922
2020-04-06 23:30:00,0.19461808252360702
2020-04-07 00:00:00,0.16947870671408563
2020-04-07 00:30:00,0.14946145943985845
2020-04-07 01:00:00,0.14367060065082396
2020-04-07 01:30:00,0.1406759504787028
2020-04-07 02:00:00,0.13879108758997408
2020-04-07 02:30:00,0.14300911143709685
2020-04-07 03:00:00,0.1544618965982432
2020-04-07 03:30:00,0.16497121643596407
2020-04-07 04:00:00,0.20052281431508837
2020-04-07 04:30:00,0.25176436621003284
2020-04-07 05:00:00,0.39923317781998835
2020-04-07 05:30:00,0.5996956532955634
2020-04-07 06:00:00,0.9551933069202803
2020-04-07 06:30:00,1.1859928276014597
2020-04-07 07:00:00,1.232140753336529
2020-04-07 07:30:00,1.1317409685619304
2020-04-07 08:00:00,0.9762537558540597
2020-04-07 08:30:00,0.7932237843637843
2020-04-07 09:00:00,0.6555711713172262
2020-04-07 09:30:00,0.5589082138446854
2020-04-07 10:00:00,0.48982626259702516
2020-04-07 10:30:00,0.43975566193553534
2020-04-07 11:00:00,0.4129568603089785
2020-04-07 11:30:00,0.3932804885415973
2020-04-07 12:00:00,0.4214347940802053
2020-04-07 12:30:00,0.3770554747240853
2020-04-07 13:00:00,0.347370893935106
2020-04-07 13:30:00,0.3184378968018145
2020-04-07 14:00:00,0.30476010897375744
2020-04-07 14:30:00,0.2959257394544123
2020-04-07 15:00:00,0.3420806528011204
2020-04-07 15:30:00,0.3717984702332718
2020-04-07 16:00:00,0.5299603086790461
2020-04-07 16:30:00,0.6510596500801032
2020-04-07 17:00:00,0.7543014569020846
2020-04-07 17:30:00,0.7436177760367045
2020-04-07 18:00:00,0.8189855039616558
2020-04-07 18:30:00,0.8125624427410718
2020-04-07 19:00:00,0.8451557638503714
2020-04-07 19:30:00,0.8423041619648824
2020-04-07 20:00:00,0.8358396195268732
2020-04-07 20:30:00,0.7224985456154536
2020-04-07 21:00:00,0.6216592980553852
2020-04-07 21:30:00,0.5093252599093047
2020-04-07 22:00:00,0.39822130291459296
2020-04-07 22:30:00,0.2923372160678949
2020-04-07 23:00:00,0.2150358894792037
2020-04-07 23:30:00,0.16920187799876008
2020-04-08 00:00:00,0.14344398988391616
2020-04-08 00:30:00,0.12427846407412158
2020-04-08 01:00:00,0.11747155326581472
2020-04-08 01:30:00,0.11164451728756236
2020-04-08 02:00:00,0.1120303071571546
2020-04-08 02:30:00,0.11052874239450913
2020-04-08 03:00:00,0.117871338030912
2020-04-08 03:30:00,0.12290501647526274
2020-04-08 04:00:00,0.1512138005808287
2020-04-08 04:30:00,0.1930531432783557
2020-04-08 05:00:00,0.3125949286471391
2020-04-08 05:30:00,0.4853294666044771
2020-04-08 06:00:00,0.7812637071147033
2020-04-08 06:30:00,0.9709693499477375
2020-04-08 07:00:00,0.994807759103823
2020-04-08 07:30:00,0.9034873929528062
2020-04-08 08:00:00,0.7936410602020535
2020-04-08 08:30:00,0.6518720031128523
2020-04-08 09:00:00,0.5459692648146134
2020-04-08 09:30:00,0.4693786273847737
2020-04-08 10:00:00,0.41517458134987645
2020-04-08 10:30:00,0.375919808352961
2020-04-08 11:00:00,0.3484570022744471
2020-04-08 11:30:00,0.3306763692219741
2020-04-08 12:00:00,0.3623039797952993
2020-04-08 12:30:00,0.3208566071399274
2020-04-08 13:00:00,0.2954576731327106
2020-04-08 13:30:00,0.2709758070521875
2020-04-08 14:00:00,0.25784229817770765
2020-04-08 14:30:00,0.24900754518826224
2020-04-08 15:00:00,0.27698257048771385
2020-04-08 15:30:00,0.30052270627261585
2020-04-08 16:00:00,0.42583697212097615
2020-04-08 16:30:00,0.5232921312716026
2020-04-08 17:00:00,0.6034034049924755
2020-04-08 17:30:00,0.5913922360050774
2020-04-08 18:00:00,0.6521150397403493
2020-04-08 18:30:00,0.6396717434636278
2020-04-08 19:00:00,0.6439754097749746
2020-04-08 19:30:00,0.6326918695743144
2020-04-08 20:00:00,0.6248119783297682
2020-04-08 20:30:00,0.5348858583514635
2020-04-08 21:00:00,0.46371912193796816
2020-04-08 21:30:00,0.3721546458371095
2020-04-08 22:00:00,0.30640046370457186
2020-04-08 22:30:00,0.22857431720987256
2020-04-08 23:00:00,0.17052573083406372
2020-04-08 23:30:00,0.13353013909193232
2020-04-09 00:00:00,0.11085075474823639
2020-04-09 00:30:00,0.09737833727634135
2020-04-09 01:00:00,0.0905408454780449
2020-04-09 01:30:00,0.08516668087606545
2020-04-09 02:00:00,0.08538125313759745
2020-04-09 02:30:00,0.08583289485441135
2020-04-09 03:00:00,0.09203103910540333
2020-04-09 03:30:00,0.09894641314774819
2020-04-09 04:00:00,0.12277161558522796
2020-04-09 04:30:00,0.1519500420687837
2020-04-09 05:00:00,0.2555710042265659
2020-04-09 05:30:00,0.3843826384587808
2020-04-09 06:00:00,0.6295140032983081
2020-04-09 06:30:00,0.7845078096081385
2020-04-09 07:00:00,0.8094307102164121
2020-04-09 07:30:00,0.7506823207757019
2020-04-09 08:00:00,0.6906773738247584
2020-04-09 08:30:00,0.5968881727028117
2020-04-09 09:00:00,0.526778253767021
2020-04-09 09:30:00,0.4844429352348546
2020-04-09 10:00:00,0.44279597235157986
2020-04-09 10:30:00,0.4162518406888182
2020-04-09 11:00:00,0.39899792732238853
2020-04-09 11:30:00,0.39365377540849555
2020-04-09 12:00:00,0.4225802522397399
2020-04-09 12:30:00,0.3905873628124244
2020-04-09 13:00:00,0.368978271704833
2020-04-09 13:30:00,0.34872670104893366
2020-04-09 14:00:00,0.33498147348508345
2020-04-09 14:30:00,0.3236306214002007
2020-04-09 15:00:00,0.3607499028495536
2020-04-09 15:30:00,0.3899705923017999
2020-04-09 16:00:00,0.5336455082265923
2020-04-09 16:30:00,0.6398197984953192
2020-04-09 17:00:00,0.7280932230010707
2020-04-09 17:30:00,0.7331711713769472
2020-04-09 18:00:00,0.7974673396015376
2020-04-09 18:30:00,0.7835059343640081
2020-04-09 19:00:00,0.7802238293675315
2020-04-09 19:30:00,0.738501618302736
2020-04-09 20:00:00,0.7486664024079429
2020-04-09 20:30:00,0.6125979280248385
2020-04-09 21:00:00,0.5225290516990865
2020-04-09 21:30:00,0.44296694415951093
2020-04-09 22:00:00,0.3586234853830799
2020-04-09 22:30:00,0.270474154276352
2020-04-09 23:00:00,0.20535088991435727
2020-04-09 23:30:00,0.16215211999460247
2020-04-10 00:00:00,0.1382630848990469
2020-04-10 00:30:00,0.1208413137326583
2020-04-10 01:00:00,0.11055999351311857
2020-04-10 01:30:00,0.10634916055482314
2020-04-10 02:00:00,0.10323784640732125
2020-04-10 02:30:00,0.1020486650838569
2020-04-10 03:00:00,0.10709305336018589
2020-04-10 03:30:00,0.11171519070170517
2020-04-10 04:00:00,0.1367143476289495
2020-04-10 04:30:00,0.16552410712644156
2020-04-10 05:00:00,0.2690230916889919
2020-04-10 05:30:00,0.4059697112607755
2020-04-10 06:00:00,0.649077323650609
2020-04-10 06:30:00,0.801797530842112
2020-04-10 07:00:00,0.8172893350061256
2020-04-10 07:30:00,0.7451798282694667
2020-04-10 08:00:00,0.6785960883479633
2020-04-10 08:30:00,0.5949879262309936
2020-04-10 09:00:00,0.5446263468971099
2020-04-10 09:30:00,0.5142442195809576
2020-04-10 10:00:00,0.48089929406429455
2020-04-10 10:30:00,0.4431026793990627
2020-04-10 11:00:00,0.41588337964175753
2020-04-10 11:30:00,0.39179533192121013
2020-04-10 12:00:00,0.4129857490304898
2020-04-10 12:30:00,0.36489915585747723
2020-04-10 13:00:00,0.33573831459980735
2020-04-10 13:30:00,0.31015468814883473
2020-04-10 14:00:00,0.29216406859125527
2020-04-10 14:30:00,0.28205351947412227
2020-04-10 15:00:00,0.30442612732522945
2020-04-10 15:30:00,0.32338069077529585
2020-04-10 16:00:00,0.44629780265033075
2020-04-10 16:30:00,0.5372485472152176
2020-04-10 17:00:00,0.6064429153388763
2020-04-10 17:30:00,0.5897118390404195
2020-04-10 18:00:00,0.6445370860871565
2020-04-10 18:30:00,0.6250755069176106
2020-04-10 19:00:00,0.6194953389953101
2020-04-10 19:30:00,0.5885600287237224
2020-04-10 20:00:00,0.5670575387725104
2020-04-10 20:30:00,0.49069977511739193
2020-04-10 21:00:00,0.4061278871349927
2020-04-10 21:30:00,0.33580962523251456
2020-04-10 22:00:00,0.2770278619724393
2020-04-10 22:30:00,0.20826388139489066
2020-04-10 23:00:00,0.1595486221216992
2020-04-10 23:30:00,0.12903777905516067
2020-04-11 00:00:00,0.10749963499678913
2020-04-11 00:30:00,0.09179800730670018
2020-04-11 01:00:00,0.0831411435488622
2020-04-11 01:30:00,0.0764933331758432
2020-04-11 02:00:00,0.07586113699511392
2020-04-11 02:30:00,0.07340685030846845
2020-04-11 03:00:00,0.07530976100930901
2020-04-11 03:30:00,0.07895545821226181
2020-04-11 04:00:00,0.09422108392849064
2020-04-11 04:30:00,0.11196261374333073
2020-04-11 05:00:00,0.17079499597195308
2020-04-11 05:30:00,0.2411619421300774
2020-04-11 06:00:00,0.4132867823351978
2020-04-11 06:30:00,0.5377868531431285
2020-04-11 07:00:00,0.6221758161048354
2020-04-11 07:30:00,0.583769155756626
2020-04-11 08:00:00,0.5532250278541039
2020-04-11 08:30:00,0.4901042495046472
2020-04-11 09:00:00,0.4654063778661093
2020-04-11 09:30:00,0.43235702957898864
2020-04-11 10:00:00,0.41137124726518953
2020-04-11 10:30:00,0.38106918647031585
2020-04-11 11:00:00,0.3609782707709299
2020-04-11 11:30:00,0.34785425714444973
2020-04-11 12:00:00,0.3672739188001169
2020-04-11 12:30:00,0.32640550555621567
2020-04-11 13:00:00,0.3011098921454712
2020-04-11 13:30:00,0.27364125700842334
2020-04-11 14:00:00,0.2656821261945147
2020-04-11 14:30:00,0.2484971373333535
2020-04-11 15:00:00,0.2625002734412012
2020-04-11 15:30:00,0.2747477900245821
2020-04-11 16:00:00,0.3877493210125005
2020-04-11 16:30:00,0.4380815215846469
2020-04-11 17:00:00,0.5138171824540727
2020-04-11 17:30:00,0.49343674633723783
2020-04-11 18:00:00,0.5394832205644361
2020-04-11 18:30:00,0.5184545645888191
2020-04-11 19:00:00,0.5104167131096816
2020-04-11 19:30:00,0.4844691923313899
2020-04-11 20:00:00,0.4615644780369606
2020-04-11 20:30:00,0.40800247860098954
2020-04-11 21:00:00,0.3429468796962689
2020-04-11 21:30:00,0.2925376152888694
2020-04-11 22:00:00,0.2412615229281738
2020-04-11 22:30:00,0.1933697904265725
2020-04-11 23:00:00,0.1506885927757807
2020-04-11 23:30:00,0.11896198956829093
2020-04-12 00:00:00,0.10082622398915013
2020-04-12 00:30:00,0.08561083860995167
2020-04-12 01:00:00,0.07612364490724627
2020-04-12 01:30:00,0.07109236862054141
2020-04-12 02:00:00,0.06811544221981905
2020-04-12 02:30:00,0.06590506690057103
2020-04-12 03:00:00,0.06951854461150528
2020-04-12 03:30:00,0.07223524138674599
2020-04-12 04:00:00,0.08540642969271615
2020-04-12 04:30:00,0.10106464168432529
2020-04-12 05:00:00,0.15158094071362838
2020-04-12 05:30:00,0.21491988884878566
2020-04-12 06:00:00,0.36395821211603085
2020-04-12 06:30:00,0.4766188137932478
2020-04-12 07:00:00,0.5539641518926374
2020-04-12 07:30:00,0.5308120093119099
2020-04-12 08:00:00,0.5171052001799203
2020-04-12 08:30:00,0.47347925169912164
2020-04-12 09:00:00,0.45763754137429685
2020-04-12 09:30:00,0.45077895087960246
2020-04-12 10:00:00,0.44670339525160796
2020-04-12 10:30:00,0.43047611306140277
2020-04-12 11:00:00,0.4193381646670131
2020-04-12 11:30:00,0.4187496412456589
2020-04-12 12:00:00,0.448269941000982
2020-04-12 12:30:00,0.41238358078457255
2020-04-12 13:00:00,0.3878265026633463
2020-04-12 13:30:00,0.35833005974111776
2020-04-12 14:00:00,0.3492021067275443
2020-04-12 14:30:00,0.35034837051402606
2020-04-12 15:00:00,0.3765367708195964
2020-04-12 15:30:00,0.4130430575722322
2020-04-12 16:00:00,0.5565698144097674
2020-04-12 16:30:00,0.6290070519162375
2020-04-12 17:00:00,0.7215291390427824
2020-04-12 17:30:00,0.7003193448794826
2020-04-12 18:00:00,0.7417827208920365
2020-04-12 18:30:00,0.7209400542373658
2020-04-12 19:00:00,0.7211365074978819
2020-04-12 19:30:00,0.6798157925399646
2020-04-12 20:00:00,0.6451641080906013
2020-04-12 20:30:00,0.5562787865457505
2020-04-12 21:00:00,0.4899136837016613
2020-04-12 21:30:00,0.4043209865159335
2020-04-12 22:00:00,0.33188796817449356
2020-04-12 22:30:00,0.26045170394060446
2020-04-12 23:00:00,0.2014647005272122
2020-04-12 23:30:00,0.15832855017886527
2020-04-13 00:00:00,0.14316067539523133
2020-04-13 00:30:00,0.12481416623550971
2020-04-13 01:00:00,0.11790349498141275
2020-04-13 01:30:00,0.11247217575735945
2020-04-13 02:00:00,0.11143484968094494
2020-04-13 02:30:00,0.11336469691734609
2020-04-13 03:00:00,0.12010568022521156
2020-04-13 03:30:00,0.12669198856112857
2020-04-13 04:00:00,0.15231074524452098
2020-04-13 04:30:00,0.18651208412054066
2020-04-13 05:00:00,0.29064160206437706
2020-04-13 05:30:00,0.43147174393507404
2020-04-13 06:00:00,0.6830873052383916
2020-04-13 06:30:00,0.8603188998624468
2020-04-13 07:00:00,0.9086913010535295
2020-04-13 07:30:00,0.8807713307820055
2020-04-13 08:00:00,0.8516435973627295
2020-04-13 08:30:00,0.8015240111155661
2020-04-13 09:00:00,0.7869515753630878
2020-04-13 09:30:00,0.7875171498313996
2020-04-13 10:00:00,0.7807890267031129
2020-04-13 10:30:00,0.760842323668571
2020-04-13 11:00:00,0.7347953000720862
2020-04-13 11:30:00,0.722881746139521
2020-04-13 12:00:00,0.7480663262251029
2020-04-13 12:30:00,0.6911126747255613
2020-04-13 13:00:00,0.6583284076813904
2020-04-13 13:30:00,0.622525226711639
2020-04-13 14:00:00,0.6035686163778968
2020-04-13 14:30:00,0.585327360148565
2020-04-13 15:00:00,0.6302327521856836
2020-04-13 15:30:00,0.6646510646950841
2020-04-13 16:00:00,0.8489412837703563
2020-04-13 16:30:00,0.9713944230717199
2020-04-13 17:00:00,1.0763948256731377
2020-04-13 17:30:00,1.0688829019428152
2020-04-13 18:00:00,1.148839913000847
2020-04-13 18:30:00,1.1454710575357436
2020-04-13 19:00:00,1.1887997015881164
2020-04-13 19:30:00,1.2051818535261847
2020-04-13 20:00:00,1.2301789347015464
2020-04-13 20:30:00,1.1394481097414753
2020-04-13 21:00:00,0.9944004993210951
2020-04-13 21:30:00,0.8354558330867689
2020-04-13 22:00:00,0.6592487043595495
2020-04-13 22:30:00,0.4815834094406318
2020-04-13 23:00:00,0.36442796731232896
2020-04-13 23:30:00,0.296298934423983
2020-04-14 00:00:00,0.2567222433352096
2020-04-14 00:30:00,0.2294319748172507
2020-04-14 01:00:00,0.2215547053330765
2020-04-14 01:30:00,0.21488452126130664
2020-04-14 02:00:00,0.21788830547105065
2020-04-14 02:30:00,0.2214522842497445
2020-04-14 03:00:00,0.23089237066728605
2020-04-14 03:30:00,0.24352299383573214
2020-04-14 04:00:00,0.2897699285537212
2020-04-14 04:30:00,0.3470012152670292
2020-04-14 05:00:00,0.5194919606345315
2020-04-14 05:30:00,0.7459493297396513
2020-04-14 06:00:00,1.1522452355027446
2020-04-14 06:30:00,1.440232754468218
2020-04-14 07:00:00,1.5082254937493977
2020-04-14 07:30:00,1.4098761404066136
2020-04-14 08:00:00,1.2584504593942256
2020-04-14 08:30:00,1.0700229881052914
2020-04-14 09:00:00,0.9214541424745504
2020-04-14 09:30:00,0.8214827695600054
2020-04-14 10:00:00,0.7442980498074435
2020-04-14 10:30:00,0.6906958833947231
2020-04-14 11:00:00,0.6566206868763582
2020-04-14 11:30:00,0.6294446609402242
2020-04-14 12:00:00,0.6685912921454706
2020-04-14 12:30:00,0.5999495062365531
2020-04-14 13:00:00,0.5596003280704471
2020-04-14 13:30:00,0.5180231364222158
2020-04-14 14:00:00,0.4952003658474464
2020-04-14 14:30:00,0.4720391448527333
2020-04-14 15:00:00,0.5274797115869179
2020-04-14 15:30:00,0.5641228254683055
2020-04-14 16:00:00,0.7799440904334451
2020-04-14 16:30:00,0.9289754703455808
2020-04-14 17:00:00,1.055546927917748
2020-04-14 17:30:00,1.0448607207581118
2020-04-14 18:00:00,1.1382702394041257
2020-04-14 18:30:00,1.1330039844726425
2020-04-14 19:00:00,1.180345826150522
2020-04-14 19:30:00,1.2055708877958498
2020-04-14 20:00:00,1.2275344978105134
2020-04-14 20:30:00,1.1318031561983257
2020-04-14 21:00:00,0.972947553756073
2020-04-14 21:30:00,0.8059215711218304
2020-04-14 22:00:00,0.6327134033116818
2020-04-14 22:30:00,0.4590005136378414
2020-04-14 23:00:00,0.34194868230691067
2020-04-14 23:30:00,0.2648656436378355
2020-04-15 00:00:00,0.2329447876687207
2020-04-15 00:30:00,0.20705924425132594
2020-04-15 01:00:00,0.1963389598315617
2020-04-15 01:30:00,0.19313116069017727
2020-04-15 02:00:00,0.19415634226647194
2020-04-15 02:30:00,0.1966275139806922
2020-04-15 03:00:00,0.20995548836086925
2020-04-15 03:30:00,0.2268093813031456
2020-04-15 04:00:00,0.26472275782629356
2020-04-15 04:30:00,0.3229007698137703
2020-04-15 05:00:00,0.4952467064529534
2020-04-15 05:30:00,0.7323829731599204
2020-04-15 06:00:00,1.143399663226146
2020-04-15 06:30:00,1.420536277023959
2020-04-15 07:00:00,1.4601177186055165
2020-04-15 07:30:00,1.3261983955680632
2020-04-15 08:00:00,1.1448632492025075
2020-04-15 08:30:00,0.929474679312622
2020-04-15 09:00:00,0.774201761225019
2020-04-15 09:30:00,0.6704857775061254
2020-04-15 10:00:00,0.5996801191023303
2020-04-15 10:30:00,0.5440086509562532
2020-04-15 11:00:00,0.5070332091336325
2020-04-15 11:30:00,0.48548211545931225
2020-04-15 12:00:00,0.5163689999500425
2020-04-15 12:30:00,0.45477381541966455
2020-04-15 13:00:00,0.4113156797872055
2020-04-15 13:30:00,0.37262441048965983
2020-04-15 14:00:00,0.3545248759593497
2020-04-15 14:30:00,0.3393896050499273
2020-04-15 15:00:00,0.38212914650283225
2020-04-15 15:30:00,0.41190487763904565
2020-04-15 16:00:00,0.5909093283028771
2020-04-15 16:30:00,0.7262877418719408
2020-04-15 17:00:00,0.8208243571190176
2020-04-15 17:30:00,0.7987587996515404
2020-04-15 18:00:00,0.8752652271557375
2020-04-15 18:30:00,0.8589579323598937
2020-04-15 19:00:00,0.8810963952568465
2020-04-15 19:30:00,0.9025518992574065
2020-04-15 20:00:00,0.9358702635528535
2020-04-15 20:30:00,0.8676171533583494
2020-04-15 21:00:00,0.7486881651000222
2020-04-15 21:30:00,0.6081604491547391
2020-04-15 22:00:00,0.4801834261236871
2020-04-15 22:30:00,0.34892217883691995
2020-04-15 23:00:00,0.2568469940944286
2020-04-15 23:30:00,0.20097755842804751
2020-04-16 00:00:00,0.1743962539765649
2020-04-16 00:30:00,0.1523173200372894
2020-04-16 01:00:00,0.14091006579602391
2020-04-16 01:30:00,0.13748122936967988
2020-04-16 02:00:00,0.13974154658948607
2020-04-16 02:30:00,0.14179019343757565
2020-04-16 03:00:00,0.1516393313578663
2020-04-16 03:30:00,0.16714428856735278
2020-04-16 04:00:00,0.19895280213215144
2020-04-16 04:30:00,0.24844158658436147
2020-04-16 05:00:00,0.39737657739865373
2020-04-16 05:30:00,0.599093541177231
2020-04-16 06:00:00,0.9584519583927935
2020-04-16 06:30:00,1.1903825851968806
2020-04-16 07:00:00,1.2008092608818313
2020-04-16 07:30:00,1.0712370781816776
2020-04-16 08:00:00,0.921875010716424
2020-04-16 08:30:00,0.7500268884933744
2020-04-16 09:00:00,0.633687103931298
2020-04-16 09:30:00,0.5509586272539753
2020-04-16 10:00:00,0.4976179637592722
2020-04-16 10:30:00,0.4607725245141301
2020-04-16 11:00:00,0.4460759860178898
2020-04-16 11:30:00,0.4301141991114232
2020-04-16 12:00:00,0.47013748509207454
2020-04-16 12:30:00,0.4270261463367206
2020-04-16 13:00:00,0.3961849812770303
2020-04-16 13:30:00,0.3666086398531225
2020-04-16 14:00:00,0.3487953389816556
2020-04-16 14:30:00,0.33547639076641167
2020-04-16 15:00:00,0.3768547435686802
2020-04-16 15:30:00,0.4095315994308308
2020-04-16 16:00:00,0.5822707123083462
2020-04-16 16:30:00,0.70314874876923
2020-04-16 17:00:00,0.8025445809367755
2020-04-16 17:30:00,0.8024884212096324
2020-04-16 18:00:00,0.8898853102947086
2020-04-16 18:30:00,0.8818615312031887
2020-04-16 19:00:00,0.9008601209409242
2020-04-16 19:30:00,0.8721749751339909
2020-04-16 20:00:00,0.9273460656212942
2020-04-16 20:30:00,0.7793155464045963
2020-04-16 21:00:00,0.6769337272582936
2020-04-16 21:30:00,0.5673535409889113
2020-04-16 22:00:00,0.448493108872659
2020-04-16 22:30:00,0.332164513400214
2020-04-16 23:00:00,0.24802632322703233
2020-04-16 23:30:00,0.1960111243209947
2020-04-17 00:00:00,0.16458441698716583
2020-04-17 00:30:00,0.14100381148182062
2020-04-17 01:00:00,0.13152676445854256
2020-04-17 01:30:00,0.12645069765242245
2020-04-17 02:00:00,0.12385014917321827
2020-04-17 02:30:00,0.12569254603692862
2020-04-17 03:00:00,0.13238292481191363
2020-04-17 03:30:00,0.14086235586885593
2020-04-17 04:00:00,0.16704567717055738
2020-04-17 04:30:00,0.20861429220191538
2020-04-17 05:00:00,0.3429513820343679
2020-04-17 05:30:00,0.51817490589593
2020-04-17 06:00:00,0.8290416345324535
2020-04-17 06:30:00,1.0309637880903366
2020-04-17 07:00:00,1.0571804211079714
2020-04-17 07:30:00,0.9767510664696188
2020-04-17 08:00:00,0.8980742689015856
2020-04-17 08:30:00,0.7740682362105866
2020-04-17 09:00:00,0.691972580341063
2020-04-17 09:30:00,0.6381358866551566
2020-04-17 10:00:00,0.6079168522703592
2020-04-17 10:30:00,0.5793117336357838
2020-04-17 11:00:00,0.571100375407046
2020-04-17 11:30:00,0.5731259177792156
2020-04-17 12:00:00,0.6191467191261076
2020-04-17 12:30:00,0.5897269213524671
2020-04-17 13:00:00,0.5742073121114729
2020-04-17 13:30:00,0.5402809410846264
2020-04-17 14:00:00,0.530232953732101
2020-04-17 14:30:00,0.5321011951251644
2020-04-17 15:00:00,0.5903613242801069
2020-04-17 15:30:00,0.6413171278188284
2020-04-17 16:00:00,0.8639220123469276
2020-04-17 16:30:00,1.031884462129361
2020-04-17 17:00:00,1.163485265104419
2020-04-17 17:30:00,1.178088413178742
2020-04-17 18:00:00,1.2611182475317924
2020-04-17 18:30:00,1.244007816896417
2020-04-17 19:00:00,1.2564492693341764
2020-04-17 19:30:00,1.2263487052385698
2020-04-17 20:00:00,1.2046221609400671
2020-04-17 20:30:00,1.106523722987256
2020-04-17 21:00:00,0.9603962596199254
2020-04-17 21:30:00,0.8148270809896746
2020-04-17 22:00:00,0.6379369776145318
2020-04-17 22:30:00,0.47889328097287487
2020-04-17 23:00:00,0.3605893055078605
2020-04-17 23:30:00,0.2901220222274698
2020-04-18 00:00:00,0.2371063291156624
2020-04-18 00:30:00,0.20898197398891097
2020-04-18 01:00:00,0.19677760224633484
2020-04-18 01:30:00,0.18905048939381255
2020-04-18 02:00:00,0.18353015820941834
2020-04-18 02:30:00,0.1830564366068216
2020-04-18 03:00:00,0.19073019753095682
2020-04-18 03:30:00,0.19764165093391728
2020-04-18 04:00:00,0.22155792495758841
2020-04-18 04:30:00,0.26055370253247845
2020-04-18 05:00:00,0.3683578972399907
2020-04-18 05:30:00,0.5137763456840884
2020-04-18 06:00:00,0.8383731190650996
2020-04-18 06:30:00,1.09436058510405
2020-04-18 07:00:00,1.3128093662898341
2020-04-18 07:30:00,1.3106111538499425
2020-04-18 08:00:00,1.2949469552886068
2020-04-18 08:30:00,1.195421855550929
2020-04-18 09:00:00,1.1246596397388995
2020-04-18 09:30:00,1.0743882150564366
2020-04-18 10:00:00,1.034745911111177
2020-04-18 10:30:00,1.0106782795078328
2020-04-18 11:00:00,1.0115873051232886
2020-04-18 11:30:00,1.012096859525085
2020-04-18 12:00:00,1.0565275802841951
2020-04-18 12:30:00,1.0051647425243593
2020-04-18 13:00:00,0.9854603228341613
2020-04-18 13:30:00,0.9440096710775818
2020-04-18 14:00:00,0.9193947003218994
2020-04-18 14:30:00,0.8939199119839888
2020-04-18 15:00:00,0.9331012286772273
2020-04-18 15:30:00,0.9515598016704894
2020-04-18 16:00:00,1.1706220736262973
2020-04-18 16:30:00,1.2735295255170345
2020-04-18 17:00:00,1.3952668822017755
2020-04-18 17:30:00,1.3649592759224907
2020-04-18 18:00:00,1.4326931864893617
2020-04-18 18:30:00,1.3956601017113623
2020-04-18 19:00:00,1.3741679591550282
2020-04-18 19:30:00,1.3153850043181703
2020-04-18 20:00:00,1.2750420123783206
2020-04-18 20:30:00,1.1472038744198703
2020-04-18 21:00:00,1.0024363863005363
2020-04-18 21:30:00,0.8570130562544949
2020-04-18 22:00:00,0.6779647104336236
2020-04-18 22:30:00,0.522585791608831
2020-04-18 23:00:00,0.3922764332136579
2020-04-18 23:30:00,0.31311563603262443
2020-04-19 00:00:00,0.2714455891236459
2020-04-19 00:30:00,0.23425593894524505
2020-04-19 01:00:00,0.21972934422756754
2020-04-19 01:30:00,0.20765669160538103
2020-04-19 02:00:00,0.20377570201863748
2020-04-19 02:30:00,0.2036942329174871
2020-04-19 03:00:00,0.20987355454220638
2020-04-19 03:30:00,0.22053172646217928
2020-04-19 04:00:00,0.24631121469105136
2020-04-19 04:30:00,0.279982695241642
2020-04-19 05:00:00,0.3969684810616071
2020-04-19 05:30:00,0.5455744096592744
2020-04-19 06:00:00,0.881773152535928
2020-04-19 06:30:00,1.1346892858837543
2020-04-19 07:00:00,1.3308348832108634
2020-04-19 07:30:00,1.2815283329862577
2020-04-19 08:00:00,1.2144444777610293
2020-04-19 08:30:00,1.0334514922628253
2020-04-19 09:00:00,0.9064089208013856
2020-04-19 09:30:00,0.8003789101099468
2020-04-19 10:00:00,0.7238526667734168
2020-04-19 10:30:00,0.6595980990214811
2020-04-19 11:00:00,0.6212483863450261
2020-04-19 11:30:00,0.5906800121512412
2020-04-19 12:00:00,0.6289538380058631
2020-04-19 12:30:00,0.5616465430134489
2020-04-19 13:00:00,0.5259838621747824
2020-04-19 13:30:00,0.48283211906604884
2020-04-19 14:00:00,0.45914942830658756
2020-04-19 14:30:00,0.43560648744074215
2020-04-19 15:00:00,0.4701034552317076
2020-04-19 15:30:00,0.5043190177283013
2020-04-19 16:00:00,0.7293826676257597
2020-04-19 16:30:00,0.8233982271413752
2020-04-19 17:00:00,0.939512753267542
2020-04-19 17:30:00,0.9119266311326789
2020-04-19 18:00:00,1.0036375274006668
2020-04-19 18:30:00,0.9887950463862618
2020-04-19 19:00:00,1.024065135588962
2020-04-19 19:30:00,1.0398738992738417
2020-04-19 20:00:00,1.0796545779383981
2020-04-19 20:30:00,1.0180473328392077
2020-04-19 21:00:00,0.8824071765369317
2020-04-19 21:30:00,0.729708226227724
2020-04-19 22:00:00,0.5712471520439155
2020-04-19 22:30:00,0.4294219092387952
2020-04-19 23:00:00,0.31141194425461216
2020-04-19 23:30:00,0.24666619323719893
2020-04-20 00:00:00,0.2187105027324287
2020-04-20 00:30:00,0.19405801928209968
2020-04-20 01:00:00,0.1867520106041962
2020-04-20 01:30:00,0.18072795771250644
2020-04-20 02:00:00,0.17890532423247266
2020-04-20 02:30:00,0.18053118619769112
2020-04-20 03:00:00,0.19480427324454153
2020-04-20 03:30:00,0.20704972230300173
2020-04-20 04:00:00,0.24386212577613584
2020-04-20 04:30:00,0.30078556420333546
2020-04-20 05:00:00,0.46644215501023384
2020-04-20 05:30:00,0.6916978906187192
2020-04-20 06:00:00,1.0894247309644307
2020-04-20 06:30:00,1.33206801062587
2020-04-20 07:00:00,1.3515675438611137
2020-04-20 07:30:00,1.2166803074380592
2020-04-20 08:00:00,1.0671842579215414
2020-04-20 08:30:00,0.8810381577741863
2020-04-20 09:00:00,0.7335528503326006
2020-04-20 09:30:00,0.6386062498413124
2020-04-20 10:00:00,0.5743265025172135
2020-04-20 10:30:00,0.5226459519475517
2020-04-20 11:00:00,0.4877740900532793
2020-04-20 11:30:00,0.47912506109160635
2020-04-20 12:00:00,0.5172192926408848
2020-04-20 12:30:00,0.47479367369682096
2020-04-20 13:00:00,0.4444313123423065
2020-04-20 13:30:00,0.40791124470904394
2020-04-20 14:00:00,0.39680292716337007
2020-04-20 14:30:00,0.38881961299175694
2020-04-20 15:00:00,0.43152984562237606
2020-04-20 15:30:00,0.4724339924038775
2020-04-20 16:00:00,0.6646804685425286
2020-04-20 16:30:00,0.8126121078336839
2020-04-20 17:00:00,0.9266983315939729
2020-04-20 17:30:00,0.9337038860712842
2020-04-20 18:00:00,1.0338125477449396
2020-04-20 18:30:00,1.0397826996132467
2020-04-20 19:00:00,1.0699166492295518
2020-04-20 19:30:00,1.0955582945297713
2020-04-20 20:00:00,1.1463039329506348
2020-04-20 20:30:00,1.081907200326431
2020-04-20 21:00:00,0.9332036099362957
2020-04-20 21:30:00,0.7600015414373908
2020-04-20 22:00:00,0.5992719362732413
2020-04-20 22:30:00,0.4333471926234613
2020-04-20 23:00:00,0.32271635209231614
2020-04-20 23:30:00,0.25292500707428595
2020-04-21 00:00:00,0.21870523244324003
2020-04-21 00:30:00,0.18942683205089816
2020-04-21 01:00:00,0.17726253954163154
2020-04-21 01:30:00,0.17092192583935611
2020-04-21 02:00:00,0.16954700552790286
2020-04-21 02:30:00,0.17457471137002797
2020-04-21 03:00:00,0.18591722488742105
2020-04-21 03:30:00,0.19179090403433144
2020-04-21 04:00:00,0.22717968465429958
2020-04-21 04:30:00,0.2823836912772985
2020-04-21 05:00:00,0.44791464074343035
2020-04-21 05:30:00,0.6685560979937932
2020-04-21 06:00:00,1.0469792901350405
2020-04-21 06:30:00,1.2776430012858502
2020-04-21 07:00:00,1.2921314646453252
2020-04-21 07:30:00,1.1473364445091596
2020-04-21 08:00:00,0.9989500296442335
2020-04-21 08:30:00,0.8157287024158115
2020-04-21 09:00:00,0.6785912539101133
2020-04-21 09:30:00,0.5847076885026868
2020-04-21 10:00:00,0.5252877897110939
2020-04-21 10:30:00,0.4760711533964032
2020-04-21 11:00:00,0.4541529405812397
2020-04-21 11:30:00,0.4466690886750898
2020-04-21 12:00:00,0.48902695743589614
2020-04-21 12:30:00,0.4343660596955901
2020-04-21 13:00:00,0.4067164366613487
2020-04-21 13:30:00,0.3728899207475859
2020-04-21 14:00:00,0.36198617140197303
2020-04-21 14:30:00,0.3450309647834731
2020-04-21 15:00:00,0.38629321377586257
2020-04-21 15:30:00,0.4223857681642488
2020-04-21 16:00:00,0.6015439377307616
2020-04-21 16:30:00,0.729751138780925
2020-04-21 17:00:00,0.8398280902444709
2020-04-21 17:30:00,0.8431166310995064
2020-04-21 18:00:00,0.9357726667277098
2020-04-21 18:30:00,0.933231674844673
2020-04-21 19:00:00,0.961029404379981
2020-04-21 19:30:00,0.9493019315015907
2020-04-21 20:00:00,0.9859381312911831
2020-04-21 20:30:00,0.9295119065526257
2020-04-21 21:00:00,0.8170170666632717
2020-04-21 21:30:00,0.6616540677084963
2020-04-21 22:00:00,0.5214575568153434
2020-04-21 22:30:00,0.3842684676862647
2020-04-21 23:00:00,0.2892195066391921
2020-04-21 23:30:00,0.2240954356063554
2020-04-22 00:00:00,0.19200178605737828
2020-04-22 00:30:00,0.1696360933860144
2020-04-22 01:00:00,0.1598030138916901
2020-04-22 01:30:00,0.15070143328647256
2020-04-22 02:00:00,0.1508358665467907
2020-04-22 02:30:00,0.1516121007095914
2020-04-22 03:00:00,0.16376025902621838
2020-04-22 03:30:00,0.1741484194200286
2020-04-22 04:00:00,0.20827915022341795
2020-04-22 04:30:00,0.26074597281343875
2020-04-22 05:00:00,0.4124807145587842
2020-04-22 05:30:00,0.6197883903984778
2020-04-22 06:00:00,0.971229028975995
2020-04-22 06:30:00,1.190800154973607
2020-04-22 07:00:00,1.1929956676978326
2020-04-22 07:30:00,1.0708628971876342
2020-04-22 08:00:00,0.9271377184298429
2020-04-22 08:30:00,0.7523891931226631
2020-04-22 09:00:00,0.6290371506929021
2020-04-22 09:30:00,0.5457422108550581
2020-04-22 10:00:00,0.4806281953883866
2020-04-22 10:30:00,0.42899467613703146
2020-04-22 11:00:00,0.4078714513599652
2020-04-22 11:30:00,0.39357665944409914
2020-04-22 12:00:00,0.43552781033050086
2020-04-22 12:30:00,0.38636415702505417
2020-04-22 13:00:00,0.36434009511402426
2020-04-22 13:30:00,0.331131838052151
2020-04-22 14:00:00,0.31605148475446077
2020-04-22 14:30:00,0.30420227416067663
2020-04-22 15:00:00,0.3426942172798555
2020-04-22 15:30:00,0.37175804144285085
2020-04-22 16:00:00,0.5300248154403012
2020-04-22 16:30:00,0.6411707937555262
2020-04-22 17:00:00,0.7430061506166862
2020-04-22 17:30:00,0.7431642872614065
2020-04-22 18:00:00,0.8346830467061833
2020-04-22 18:30:00,0.8298013873580437
2020-04-22 19:00:00,0.8444960578023787
2020-04-22 19:30:00,0.828064100917964
2020-04-22 20:00:00,0.8508949947901
2020-04-22 20:30:00,0.7814582891926862
2020-04-22 21:00:00,0.68276968286998
2020-04-22 21:30:00,0.5550761403660142
2020-04-22 22:00:00,0.4458123918867769
2020-04-22 22:30:00,0.3263530072019451
2020-04-22 23:00:00,0.2439583472668837
2020-04-22 23:30:00,0.19223654315414415
2020-04-23 00:00:00,0.16558391616024626
2020-04-23 00:30:00,0.144249778914001
2020-04-23 01:00:00,0.13454453730541788
2020-04-23 01:30:00,0.12845010559027598
2020-04-23 02:00:00,0.12950021795823494
2020-04-23 02:30:00,0.1268526774086157
2020-04-23 03:00:00,0.13494544469102154
2020-04-23 03:30:00,0.14598810814924618
2020-04-23 04:00:00,0.17925076146419563
2020-04-23 04:30:00,0.22343703352909564
2020-04-23 05:00:00,0.3601027983247436
2020-04-23 05:30:00,0.5380934562255568
2020-04-23 06:00:00,0.8635141562569618
2020-04-23 06:30:00,1.0548683176984812
2020-04-23 07:00:00,1.0760148199695254
2020-04-23 07:30:00,0.9765623600831413
2020-04-23 08:00:00,0.8714282000861157
2020-04-23 08:30:00,0.7352129555995606
2020-04-23 09:00:00,0.6195781619475798
2020-04-23 09:30:00,0.5367272258373785
2020-04-23 10:00:00,0.477414362915456
2020-04-23 10:30:00,0.43105659228473436
2020-04-23 11:00:00,0.4092068364103379
2020-04-23 11:30:00,0.39271586565590033
2020-04-23 12:00:00,0.42655631375423797
2020-04-23 12:30:00,0.3824387356529382
2020-04-23 13:00:00,0.3578431640974918
2020-04-23 13:30:00,0.3284426184043759
2020-04-23 14:00:00,0.3104794648197984
2020-04-23 14:30:00,0.299147707472317
2020-04-23 15:00:00,0.3324610869059832
2020-04-23 15:30:00,0.3604659129882231
2020-04-23 16:00:00,0.5157604384781393
2020-04-23 16:30:00,0.6258707583633364
2020-04-23 17:00:00,0.7189540934459872
2020-04-23 17:30:00,0.725296234766902
2020-04-23 18:00:00,0.8098675162162456
2020-04-23 18:30:00,0.8087592582745217
2020-04-23 19:00:00,0.8087046789245286
2020-04-23 19:30:00,0.7621503122503915
2020-04-23 20:00:00,0.7894062282729648
2020-04-23 20:30:00,0.6858218656767423
2020-04-23 21:00:00,0.5972653007861931
2020-04-23 21:30:00,0.4951585973482472
2020-04-23 22:00:00,0.4005401195912069
2020-04-23 22:30:00,0.29710014187135747
2020-04-23 23:00:00,0.225775941689033
2020-04-23 23:30:00,0.1781440601092988
2020-04-24 00:00:00,0.146771315381036
2020-04-24 00:30:00,0.12829857220933985
2020-04-24 01:00:00,0.11777986283135906
2020-04-24 01:30:00,0.11643286012563679
2020-04-24 02:00:00,0.11624407696078215
2020-04-24 02:30:00,0.11950962160255779
2020-04-24 03:00:00,0.13332864533746103
2020-04-24 03:30:00,0.14135101615790893
2020-04-24 04:00:00,0.16653801512188898
2020-04-24 04:30:00,0.19684808733153125
2020-04-24 05:00:00,0.3161779268803637
2020-04-24 05:30:00,0.47373497373079426
2020-04-24 06:00:00,0.7613981532710674
2020-04-24 06:30:00,0.9450521257952204
2020-04-24 07:00:00,0.948196447816231
2020-04-24 07:30:00,0.8600166971647306
2020-04-24 08:00:00,0.7739675471091573
2020-04-24 08:30:00,0.639149458048673
2020-04-24 09:00:00,0.5440101464280469
2020-04-24 09:30:00,0.4783865955073469
2020-04-24 10:00:00,0.4413853980174411
2020-04-24 10:30:00,0.4011488336249282
2020-04-24 11:00:00,0.3815503238278855
2020-04-24 11:30:00,0.3660778435336309
2020-04-24 12:00:00,0.40572725611028015
2020-04-24 12:30:00,0.36140384267501147
2020-04-24 13:00:00,0.34018375451430904
2020-04-24 13:30:00,0.3141586810977558
2020-04-24 14:00:00,0.2953511622149086
2020-04-24 14:30:00,0.2815844326383987
2020-04-24 15:00:00,0.30684409834524184
2020-04-24 15:30:00,0.3292667015380071
2020-04-24 16:00:00,0.4714345946362008
2020-04-24 16:30:00,0.5636746191241652
2020-04-24 17:00:00,0.6535758195150573
2020-04-24 17:30:00,0.648026541840392
2020-04-24 18:00:00,0.7239523538254706
2020-04-24 18:30:00,0.7167767936334744
2020-04-24 19:00:00,0.7367343304450523
2020-04-24 19:30:00,0.7115789944718395
2020-04-24 20:00:00,0.7241820064431213
2020-04-24 20:30:00,0.6545879720154694
2020-04-24 21:00:00,0.5834852509179036
2020-04-24 21:30:00,0.4761150534474031
2020-04-24 22:00:00,0.3882308310123658
2020-04-24 22:30:00,0.29554460253425735
2020-04-24 23:00:00,0.22417349528258051
2020-04-24 23:30:00,0.18069049010030944
2020-04-25 00:00:00,0.1479826875993194
2020-04-25 00:30:00,0.13122296821155166
2020-04-25 01:00:00,0.122081293533967
2020-04-25 01:30:00,0.11398905657555194
2020-04-25 02:00:00,0.11430460175197593
2020-04-25 02:30:00,0.11672150587171774
2020-04-25 03:00:00,0.1322106072196309
2020-04-25 03:30:00,0.14034311664254992
2020-04-25 04:00:00,0.14889577649060295
2020-04-25 04:30:00,0.16387764908104185
2020-04-25 05:00:00,0.2394036196715767
2020-04-25 05:30:00,0.348403482235511
2020-04-25 06:00:00,0.5793839571721523
2020-04-25 06:30:00,0.7528574968862901
2020-04-25 07:00:00,0.886009167026468
2020-04-25 07:30:00,0.8667770222731264
2020-04-25 08:00:00,0.8525064916693478
2020-04-25 08:30:00,0.7925420461128913
2020-04-25 09:00:00,0.757225461331822
2020-04-25 09:30:00,0.7123852781266666
2020-04-25 10:00:00,0.6767305239845691
2020-04-25 10:30:00,0.633259806845094
2020-04-25 11:00:00,0.5860215612081348
2020-04-25 11:30:00,0.5500780933432367
2020-04-25 12:00:00,0.5685242271984594
2020-04-25 12:30:00,0.49457739839788784
2020-04-25 13:00:00,0.4545005617897747
2020-04-25 13:30:00,0.4114496916666106
2020-04-25 14:00:00,0.3851815569784233
2020-04-25 14:30:00,0.3620724643922217
2020-04-25 15:00:00,0.37784271446960327
2020-04-25 15:30:00,0.3921344938046536
2020-04-25 16:00:00,0.5628386897096893
2020-04-25 16:30:00,0.6387824643637899
2020-04-25 17:00:00,0.7464228733532186
2020-04-25 17:30:00,0.724781156860036
2020-04-25 18:00:00,0.796252361819894
2020-04-25 18:30:00,0.7850448545390947
2020-04-25 19:00:00,0.7978398271252475
2020-04-25 19:30:00,0.7888648929902963
2020-04-25 20:00:00,0.7907572923838797
2020-04-25 20:30:00,0.7316432882151666
2020-04-25 21:00:00,0.6553630891424395
2020-04-25 21:30:00,0.541416644945691
2020-04-25 22:00:00,0.43682623000733634
2020-04-25 22:30:00,0.3341901541608536
2020-04-25 23:00:00,0.25533132783923024
2020-04-25 23:30:00,0.20363139280127063
2020-04-26 00:00:00,0.1712116496242246
2020-04-26 00:30:00,0.14755375419281877
2020-04-26 01:00:00,0.13676981744053565
2020-04-26 01:30:00,0.130511476665796
2020-04-26 02:00:00,0.13057152775862024
2020-04-26 02:30:00,0.136756469301434
2020-04-26 03:00:00,0.14854636590544373
2020-04-26 03:30:00,0.15628939461456742
2020-04-26 04:00:00,0.1672390626238767
2020-04-26 04:30:00,0.18824751132282558
2020-04-26 05:00:00,0.27136241773756226
2020-04-26 05:30:00,0.38615069781875877
2020-04-26 06:00:00,0.6333706087107656
2020-04-26 06:30:00,0.8111275078864826
2020-04-26 07:00:00,0.9100405841419059
2020-04-26 07:30:00,0.8414660055102446
2020-04-26 08:00:00,0.7835529034905305
2020-04-26 08:30:00,0.6841709026556353
2020-04-26 09:00:00,0.6368326955635963
2020-04-26 09:30:00,0.581172363847117
2020-04-26 10:00:00,0.5416747128296471
2020-04-26 10:30:00,0.5179799226590804
2020-04-26 11:00:00,0.49952583557693875
2020-04-26 11:30:00,0.4879433787886658
2020-04-26 12:00:00,0.5322849752517839
2020-04-26 12:30:00,0.480161962529775
2020-04-26 13:00:00,0.4509109809807346
2020-04-26 13:30:00,0.42505936349279605
2020-04-26 14:00:00,0.4204292885800159
2020-04-26 14:30:00,0.4125038491103987
2020-04-26 15:00:00,0.45270692183752254
2020-04-26 15:30:00,0.4911010887193748
2020-04-26 16:00:00,0.6798502788218115
2020-04-26 16:30:00,0.7733744451875495
2020-04-26 17:00:00,0.8838497851581286
2020-04-26 17:30:00,0.8524821553295089
2020-04-26 18:00:00,0.9179769692926938
2020-04-26 18:30:00,0.8780512976130923
2020-04-26 19:00:00,0.8704489680241957
2020-04-26 19:30:00,0.8239258879836593
2020-04-26 20:00:00,0.7859271946722429
2020-04-26 20:30:00,0.6959798325254862
2020-04-26 21:00:00,0.6143638214374703
2020-04-26 21:30:00,0.4972758503175139
2020-04-26 22:00:00,0.399798567702306
2020-04-26 22:30:00,0.2970945671548077
2020-04-26 23:00:00,0.22004990159902063
2020-04-26 23:30:00,0.17511295814322186
2020-04-27 00:00:00,0.14983613585326178
2020-04-27 00:30:00,0.12825651918014871
