,Mean kWh
2020-03-09 00:00:00,0.19552797258999194
2020-03-09 00:30:00,0.20116728423261088
2020-03-09 01:00:00,0.19110453784071876
2020-03-09 01:30:00,0.18153578498553372
2020-03-09 02:00:00,0.17340589310187293
2020-03-09 02:30:00,0.16550386613200688
2020-03-09 03:00:00,0.15742347258176412
2020-03-09 03:30:00,0.15129452819653838
2020-03-09 04:00:00,0.1467186098844391
2020-03-09 04:30:00,0.14243701673349923
2020-03-09 05:00:00,0.1511061536639426
2020-03-09 05:30:00,0.16436687646989157
2020-03-09 06:00:00,0.19854130077999427
2020-03-09 06:30:00,0.2368991167961018
2020-03-09 07:00:00,0.26059586653807754
2020-03-09 07:30:00,0.268147496742974
2020-03-09 08:00:00,0.2534927457764768
2020-03-09 08:30:00,0.23282843655621072
2020-03-09 09:00:00,0.22752383530586176
2020-03-09 09:30:00,0.22333945536220368
2020-03-09 10:00:00,0.2193218591115585
2020-03-09 10:30:00,0.2164083599110035
2020-03-09 11:00:00,0.21591584254739565
2020-03-09 11:30:00,0.2178831212777477
2020-03-09 12:00:00,0.22545655962371414
2020-03-09 12:30:00,0.2278079418656786
2020-03-09 13:00:00,0.22743958581833867
2020-03-09 13:30:00,0.22512350159463324
2020-03-09 14:00:00,0.22730721011090518
2020-03-09 14:30:00,0.23019012934717306
2020-03-09 15:00:00,0.23803909177812174
2020-03-09 15:30:00,0.26665980593694205
2020-03-09 16:00:00,0.30460160393878616
2020-03-09 16:30:00,0.34145194528335426
2020-03-09 17:00:00,0.3829543689566784
2020-03-09 17:30:00,0.4124503802586941
2020-03-09 18:00:00,0.4307822180864563
2020-03-09 18:30:00,0.429916106928348
2020-03-09 19:00:00,0.4142750951696132
2020-03-09 19:30:00,0.3936688435834532
2020-03-09 20:00:00,0.37216519752981986
2020-03-09 20:30:00,0.34943457406310785
2020-03-09 21:00:00,0.32376715167921505
2020-03-09 21:30:00,0.2944258438372388
2020-03-09 22:00:00,0.26358747990863707
2020-03-09 22:30:00,0.2285569410371374
2020-03-09 23:00:00,0.1959434650198799
2020-03-09 23:30:00,0.17248885035107017
2020-03-10 00:00:00,0.1950102501059772
2020-03-10 00:30:00,0.20341067401441282
2020-03-10 01:00:00,0.1943888935989827
2020-03-10 01:30:00,0.18516504451038576
2020-03-10 02:00:00,0.17746250953793988
2020-03-10 02:30:00,0.16852200084781685
2020-03-10 03:00:00,0.15946724883425187
2020-03-10 03:30:00,0.15131036032217035
2020-03-10 04:00:00,0.14551342941924558
2020-03-10 04:30:00,0.1404166765578635
2020-03-10 05:00:00,0.14700089020771526
2020-03-10 05:30:00,0.15935654938533284
2020-03-10 06:00:00,0.1918538618058499
2020-03-10 06:30:00,0.2280562441712589
2020-03-10 07:00:00,0.2535199491309877
2020-03-10 07:30:00,0.259078423060619
2020-03-10 08:00:00,0.24314406104281486
2020-03-10 08:30:00,0.22436046629927922
2020-03-10 09:00:00,0.21890665852790073
2020-03-10 09:30:00,0.21482048934330333
2020-03-10 10:00:00,0.21218559777540405
2020-03-10 10:30:00,0.20981120606338075
2020-03-10 11:00:00,0.20800989368736958
2020-03-10 11:30:00,0.2098543160893229
2020-03-10 12:00:00,0.21606687352696816
2020-03-10 12:30:00,0.2154876731607237
2020-03-10 13:00:00,0.21383687708767826
2020-03-10 13:30:00,0.21005271546535084
2020-03-10 14:00:00,0.20869708530444064
2020-03-10 14:30:00,0.20778928226257695
2020-03-10 15:00:00,0.2133989351781203
2020-03-10 15:30:00,0.23509885209488438
2020-03-10 16:00:00,0.2686416399613409
2020-03-10 16:30:00,0.3045791155874324
2020-03-10 17:00:00,0.3435018481781032
2020-03-10 17:30:00,0.3726851569255812
2020-03-10 18:00:00,0.3982160248910594
2020-03-10 18:30:00,0.40925046204452603
2020-03-10 19:00:00,0.39796496939484893
2020-03-10 19:30:00,0.3795562931312206
2020-03-10 20:00:00,0.35949420541732
2020-03-10 20:30:00,0.3384742062651012
2020-03-10 21:00:00,0.3159378067907253
2020-03-10 21:30:00,0.28971639184434733
2020-03-10 22:00:00,0.2586590988088677
2020-03-10 22:30:00,0.22424213471239018
2020-03-10 23:00:00,0.19397609257767798
2020-03-10 23:30:00,0.17081259961341522
2020-03-11 00:00:00,0.1919952264672467
2020-03-11 00:30:00,0.1997522680639637
2020-03-11 01:00:00,0.1901495735191875
2020-03-11 01:30:00,0.18123007919146705
2020-03-11 02:00:00,0.17268285258856056
2020-03-11 02:30:00,0.1643655695172204
2020-03-11 03:00:00,0.1555170168387852
2020-03-11 03:30:00,0.1484775398077022
2020-03-11 04:00:00,0.14321589425310752
2020-03-11 04:30:00,0.1391444862729139
2020-03-11 05:00:00,0.14686883383357927
2020-03-11 05:30:00,0.15942938054297873
2020-03-11 06:00:00,0.19329236404334343
2020-03-11 06:30:00,0.2288965008521066
2020-03-11 07:00:00,0.2526948017262576
2020-03-11 07:30:00,0.25891370407739345
2020-03-11 08:00:00,0.2435371401924626
2020-03-11 08:30:00,0.22340527868685683
2020-03-11 09:00:00,0.21761077103081075
2020-03-11 09:30:00,0.2135435792650875
2020-03-11 10:00:00,0.20810361521374185
2020-03-11 10:30:00,0.20288873721872716
2020-03-11 11:00:00,0.20257589914028445
2020-03-11 11:30:00,0.20380008648025366
2020-03-11 12:00:00,0.20893234191918336
2020-03-11 12:30:00,0.20813356112119105
2020-03-11 13:00:00,0.20546417004391848
2020-03-11 13:30:00,0.2033087005917962
2020-03-11 14:00:00,0.2029038042510618
2020-03-11 14:30:00,0.20381239031090237
2020-03-11 15:00:00,0.2091445140614006
2020-03-11 15:30:00,0.23104254453271378
2020-03-11 16:00:00,0.26329020661822683
2020-03-11 16:30:00,0.29813617133119114
2020-03-11 17:00:00,0.33727226635692303
2020-03-11 17:30:00,0.36749736746165634
2020-03-11 18:00:00,0.39678649732506976
2020-03-11 18:30:00,0.4040891756466887
2020-03-11 19:00:00,0.3936313344129143
2020-03-11 19:30:00,0.37816620176859084
2020-03-11 20:00:00,0.3597239353268841
2020-03-11 20:30:00,0.33812060501750757
2020-03-11 21:00:00,0.31619018711794283
2020-03-11 21:30:00,0.28904736873341424
2020-03-11 22:00:00,0.26275606840360494
2020-03-11 22:30:00,0.2313922185388352
2020-03-11 23:00:00,0.1992624229526821
2020-03-11 23:30:00,0.1750869797451398
2020-03-12 00:00:00,0.1963139893824523
2020-03-12 00:30:00,0.203980410115504
2020-03-12 01:00:00,0.19490752896080318
2020-03-12 01:30:00,0.18580386370189464
2020-03-12 02:00:00,0.17926442103834872
2020-03-12 02:30:00,0.1708604029919097
2020-03-12 03:00:00,0.16285595922590282
2020-03-12 03:30:00,0.1548762699503045
2020-03-12 04:00:00,0.14915242795841185
2020-03-12 04:30:00,0.1443718007428892
2020-03-12 05:00:00,0.15277413965637146
2020-03-12 05:30:00,0.16572950694550445
2020-03-12 06:00:00,0.20086248070693183
2020-03-12 06:30:00,0.23616258756084738
2020-03-12 07:00:00,0.26021547176851695
2020-03-12 07:30:00,0.2658471904204617
2020-03-12 08:00:00,0.2517269204023135
2020-03-12 08:30:00,0.23229297477908364
2020-03-12 09:00:00,0.22602473752946955
2020-03-12 09:30:00,0.22049063772048855
2020-03-12 10:00:00,0.2161195725915874
2020-03-12 10:30:00,0.21335666553595659
2020-03-12 11:00:00,0.21169622625508808
2020-03-12 11:30:00,0.2122129833785617
2020-03-12 12:00:00,0.21701373812754404
2020-03-12 12:30:00,0.21724808344640434
2020-03-12 13:00:00,0.2154415620759838
2020-03-12 13:30:00,0.21126087177747632
2020-03-12 14:00:00,0.20997930800542738
2020-03-12 14:30:00,0.2108498812754409
2020-03-12 15:00:00,0.21655586838534602
2020-03-12 15:30:00,0.2380559352792523
2020-03-12 16:00:00,0.26833993656824
2020-03-12 16:30:00,0.3031773630026627
2020-03-12 17:00:00,0.3374593460083784
2020-03-12 17:30:00,0.37268512236902374
2020-03-12 18:00:00,0.4030995912552366
2020-03-12 18:30:00,0.4126984701752005
2020-03-12 19:00:00,0.40594612540492847
2020-03-12 19:30:00,0.3904371109716594
2020-03-12 20:00:00,0.36963832872576785
2020-03-12 20:30:00,0.3516305947999525
2020-03-12 21:00:00,0.32748320924000596
2020-03-12 21:30:00,0.30119162666847565
2020-03-12 22:00:00,0.2711021353097811
2020-03-12 22:30:00,0.23815119316158145
2020-03-12 23:00:00,0.20677812452298974
2020-03-12 23:30:00,0.18328568036498707
2020-03-13 00:00:00,0.2033731555147558
2020-03-13 00:30:00,0.20930129708962328
2020-03-13 01:00:00,0.19967268461852314
2020-03-13 01:30:00,0.19066660716714262
2020-03-13 02:00:00,0.1825499201006393
2020-03-13 02:30:00,0.17328994968040262
2020-03-13 03:00:00,0.16437810247518023
2020-03-13 03:30:00,0.15602402930776557
2020-03-13 04:00:00,0.15049913300693596
2020-03-13 04:30:00,0.1461414218686251
2020-03-13 05:00:00,0.15349487454100375
2020-03-13 05:30:00,0.16680587855297174
2020-03-13 06:00:00,0.19795168638650895
2020-03-13 06:30:00,0.23485301917584658
2020-03-13 07:00:00,0.2577162212702298
2020-03-13 07:30:00,0.2669436709506325
2020-03-13 08:00:00,0.25476586286326275
2020-03-13 08:30:00,0.2398061436986291
2020-03-13 09:00:00,0.2343210369740756
2020-03-13 09:30:00,0.23182313642158947
2020-03-13 10:00:00,0.22803155917451465
2020-03-13 10:30:00,0.22430698488789155
2020-03-13 11:00:00,0.2240401006340625
2020-03-13 11:30:00,0.22523906539514163
2020-03-13 12:00:00,0.2290199058255563
2020-03-13 12:30:00,0.22897278483702355
2020-03-13 13:00:00,0.22745013811567713
2020-03-13 13:30:00,0.22474364880370576
2020-03-13 14:00:00,0.22183715949173427
2020-03-13 14:30:00,0.22059365942798861
2020-03-13 15:00:00,0.22469604610049623
2020-03-13 15:30:00,0.2421024172162917
2020-03-13 16:00:00,0.2718903413340586
2020-03-13 16:30:00,0.3036389219419324
2020-03-13 17:00:00,0.3375382045964506
2020-03-13 17:30:00,0.3629700907731012
2020-03-13 18:00:00,0.38792983842865286
2020-03-13 18:30:00,0.3972089548433157
2020-03-13 19:00:00,0.3891568797436617
2020-03-13 19:30:00,0.3693821362094902
2020-03-13 20:00:00,0.34626896827218095
2020-03-13 20:30:00,0.3320777684285679
2020-03-13 21:00:00,0.3102537630570217
2020-03-13 21:30:00,0.28741400851628024
2020-03-13 22:00:00,0.2634080845168583
2020-03-13 22:30:00,0.23760230160551443
2020-03-13 23:00:00,0.2108544497989921
2020-03-13 23:30:00,0.18931740567922012
2020-03-14 00:00:00,0.2084903247189197
2020-03-14 00:30:00,0.21250144045686697
2020-03-14 01:00:00,0.20081647134808067
2020-03-14 01:30:00,0.18948541271851185
2020-03-14 02:00:00,0.1806186910963619
2020-03-14 02:30:00,0.1719289629560385
2020-03-14 03:00:00,0.162968726364185
2020-03-14 03:30:00,0.15450930985544448
2020-03-14 04:00:00,0.14756689413704321
2020-03-14 04:30:00,0.14075708543311444
2020-03-14 05:00:00,0.14317107868548756
2020-03-14 05:30:00,0.14756378377000287
2020-03-14 06:00:00,0.16352218473540633
2020-03-14 06:30:00,0.18123943877420948
2020-03-14 07:00:00,0.19959892411894187
2020-03-14 07:30:00,0.22499188415157526
2020-03-14 08:00:00,0.2495683218465043
2020-03-14 08:30:00,0.26667583346788915
2020-03-14 09:00:00,0.27845366317954295
2020-03-14 09:30:00,0.2859338919529876
2020-03-14 10:00:00,0.2900654026905525
2020-03-14 10:30:00,0.290988943749947
2020-03-14 11:00:00,0.2905025792251275
2020-03-14 11:30:00,0.29207026370133676
2020-03-14 12:00:00,0.29654998257854515
2020-03-14 12:30:00,0.296328449660494
2020-03-14 13:00:00,0.2915701234798719
2020-03-14 13:30:00,0.2845486313535196
2020-03-14 14:00:00,0.2791313067790704
2020-03-14 14:30:00,0.2763678986326281
2020-03-14 15:00:00,0.28184462611858485
2020-03-14 15:30:00,0.28674179704430136
2020-03-14 16:00:00,0.3012170118380908
2020-03-14 16:30:00,0.32550183137731475
2020-03-14 17:00:00,0.35671981201825415
2020-03-14 17:30:00,0.3774583967162683
2020-03-14 18:00:00,0.3952772900714705
2020-03-14 18:30:00,0.3971561060593184
2020-03-14 19:00:00,0.3814563780062888
2020-03-14 19:30:00,0.3570423897340019
2020-03-14 20:00:00,0.33247277980793744
2020-03-14 20:30:00,0.3160946375456785
2020-03-14 21:00:00,0.29497813376391613
2020-03-14 21:30:00,0.2755064247471743
2020-03-14 22:00:00,0.25390332285204376
2020-03-14 22:30:00,0.2321387524432736
2020-03-14 23:00:00,0.20901813546358453
2020-03-14 23:30:00,0.18792178125265588
2020-03-15 00:00:00,0.20826620214980676
2020-03-15 00:30:00,0.2099428734089017
2020-03-15 01:00:00,0.1977661593888876
2020-03-15 01:30:00,0.18598593727429544
2020-03-15 02:00:00,0.1758592379851812
2020-03-15 02:30:00,0.166233311807491
2020-03-15 03:00:00,0.15770024131602203
2020-03-15 03:30:00,0.14932888654748164
2020-03-15 04:00:00,0.14282647338726134
2020-03-15 04:30:00,0.13680834919448032
2020-03-15 05:00:00,0.13782818129291013
2020-03-15 05:30:00,0.1412412905308953
2020-03-15 06:00:00,0.15323745634681238
2020-03-15 06:30:00,0.16738671413641032
2020-03-15 07:00:00,0.18005253677064118
2020-03-15 07:30:00,0.20353264961041398
2020-03-15 08:00:00,0.2316879062614178
2020-03-15 08:30:00,0.2578857582271918
2020-03-15 09:00:00,0.27913645285455724
2020-03-15 09:30:00,0.29381762101810716
2020-03-15 10:00:00,0.3016370688849423
2020-03-15 10:30:00,0.3055125542744012
2020-03-15 11:00:00,0.3113698168037524
2020-03-15 11:30:00,0.31908705220583217
2020-03-15 12:00:00,0.3304503772687104
2020-03-15 12:30:00,0.3367025210512451
2020-03-15 13:00:00,0.33467005412570416
2020-03-15 13:30:00,0.32706858754853896
2020-03-15 14:00:00,0.32130772629557575
2020-03-15 14:30:00,0.3203337156937716
2020-03-15 15:00:00,0.3239915455858611
2020-03-15 15:30:00,0.33293999490186094
2020-03-15 16:00:00,0.35475697170532755
2020-03-15 16:30:00,0.3798574815192456
2020-03-15 17:00:00,0.4042319568357549
2020-03-15 17:30:00,0.41797542696915624
2020-03-15 18:00:00,0.4281826477810539
2020-03-15 18:30:00,0.43023933860703034
2020-03-15 19:00:00,0.4183475032075518
2020-03-15 19:30:00,0.39371441316668215
2020-03-15 20:00:00,0.3719937548325701
2020-03-15 20:30:00,0.34575151880772537
2020-03-15 21:00:00,0.3211190065510532
2020-03-15 21:30:00,0.2913328546787775
2020-03-15 22:00:00,0.2622757475083056
2020-03-15 22:30:00,0.23010283709034665
2020-03-15 23:00:00,0.1994820249636761
2020-03-15 23:30:00,0.17626647747066476
2020-03-16 00:00:00,0.19628039514324366
2020-03-16 00:30:00,0.2010909802520186
2020-03-16 01:00:00,0.18990903676476842
2020-03-16 01:30:00,0.17997778458449254
2020-03-16 02:00:00,0.1724657069198765
2020-03-16 02:30:00,0.16456203416941775
2020-03-16 03:00:00,0.15690430691216
2020-03-16 03:30:00,0.1496059796480959
2020-03-16 04:00:00,0.1455093846782154
2020-03-16 04:30:00,0.14214066807337583
2020-03-16 05:00:00,0.15053806622877186
2020-03-16 05:30:00,0.16383069435818037
2020-03-16 06:00:00,0.19653158687347394
2020-03-16 06:30:00,0.2316445934333336
2020-03-16 07:00:00,0.25360730512022034
2020-03-16 07:30:00,0.2645196028383277
2020-03-16 08:00:00,0.25096954923681664
2020-03-16 08:30:00,0.2335089122389075
2020-03-16 09:00:00,0.22896515961067243
2020-03-16 09:30:00,0.22673558113615286
2020-03-16 10:00:00,0.22179817419195666
2020-03-16 10:30:00,0.21859691333866485
2020-03-16 11:00:00,0.2177948493253245
2020-03-16 11:30:00,0.21845489969201454
2020-03-16 12:00:00,0.22317817915755608
2020-03-16 12:30:00,0.2242937833399978
2020-03-16 13:00:00,0.22056981087128527
2020-03-16 13:30:00,0.2147007546431398
2020-03-16 14:00:00,0.21335820451084317
2020-03-16 14:30:00,0.2116843771003666
2020-03-16 15:00:00,0.21540806030338874
2020-03-16 15:30:00,0.23360624133266406
2020-03-16 16:00:00,0.26581606955989073
2020-03-16 16:30:00,0.30162281455516887
2020-03-16 17:00:00,0.33332519419086426
2020-03-16 17:30:00,0.3656077216923743
2020-03-16 18:00:00,0.39822891976280217
2020-03-16 18:30:00,0.41175669352300087
2020-03-16 19:00:00,0.40624543343060593
2020-03-16 19:30:00,0.3873381175609795
2020-03-16 20:00:00,0.3654639906754355
2020-03-16 20:30:00,0.3439139604726944
2020-03-16 21:00:00,0.31898876117714137
2020-03-16 21:30:00,0.2909015739322784
2020-03-16 22:00:00,0.2612639867279224
2020-03-16 22:30:00,0.22964064999149214
2020-03-16 23:00:00,0.1992985621915944
2020-03-16 23:30:00,0.1748277196892999
2020-03-17 00:00:00,0.19547875884174226
2020-03-17 00:30:00,0.20072761979879014
2020-03-17 01:00:00,0.1898240965270727
2020-03-17 01:30:00,0.17981201543883202
2020-03-17 02:00:00,0.17118646584997485
2020-03-17 02:30:00,0.16267233871170741
2020-03-17 03:00:00,0.1540518874652839
2020-03-17 03:30:00,0.14656758208103648
2020-03-17 04:00:00,0.14189332192211854
2020-03-17 04:30:00,0.1384348847551205
2020-03-17 05:00:00,0.14591998724628932
2020-03-17 05:30:00,0.15869682248009334
2020-03-17 06:00:00,0.1894574135138989
2020-03-17 06:30:00,0.221555415712236
2020-03-17 07:00:00,0.2425078326243277
2020-03-17 07:30:00,0.2503490208252925
2020-03-17 08:00:00,0.241792176736615
2020-03-17 08:30:00,0.22907782989184688
2020-03-17 09:00:00,0.22356330181317816
2020-03-17 09:30:00,0.22125455811650993
2020-03-17 10:00:00,0.22050833165525568
2020-03-17 10:30:00,0.21853275160464825
2020-03-17 11:00:00,0.2192963879682846
2020-03-17 11:30:00,0.22255444896589338
2020-03-17 12:00:00,0.22977602886269244
2020-03-17 12:30:00,0.23149351008935698
2020-03-17 13:00:00,0.2301248814867642
2020-03-17 13:30:00,0.22567568066451324
2020-03-17 14:00:00,0.22429056508788858
2020-03-17 14:30:00,0.22420524394848343
2020-03-17 15:00:00,0.22870843646432018
2020-03-17 15:30:00,0.24826849629990114
2020-03-17 16:00:00,0.2789489373841106
2020-03-17 16:30:00,0.3149351187629522
2020-03-17 17:00:00,0.3524234857828453
2020-03-17 17:30:00,0.38180832641143725
2020-03-17 18:00:00,0.40626606928607994
2020-03-17 18:30:00,0.412791294352572
2020-03-17 19:00:00,0.4066335758094423
2020-03-17 19:30:00,0.3838175388255432
2020-03-17 20:00:00,0.35850674150704337
2020-03-17 20:30:00,0.33541363571530464
2020-03-17 21:00:00,0.31068419374596223
2020-03-17 21:30:00,0.28493151098693636
2020-03-17 22:00:00,0.2562366701066391
2020-03-17 22:30:00,0.22255501019406487
2020-03-17 23:00:00,0.19345429451198531
2020-03-17 23:30:00,0.16996820962017675
2020-03-18 00:00:00,0.1896985764528555
2020-03-18 00:30:00,0.19394464076369114
2020-03-18 01:00:00,0.18383275833193777
2020-03-18 01:30:00,0.1735204404622342
2020-03-18 02:00:00,0.16474259755484844
2020-03-18 02:30:00,0.1568651147211523
2020-03-18 03:00:00,0.14940173337799373
2020-03-18 03:30:00,0.14212014737899856
2020-03-18 04:00:00,0.13720662368112543
2020-03-18 04:30:00,0.13347540612962663
2020-03-18 05:00:00,0.1404555769552839
2020-03-18 05:30:00,0.15138470105509969
2020-03-18 06:00:00,0.17977058473802765
2020-03-18 06:30:00,0.21049029492053398
2020-03-18 07:00:00,0.23340428899197807
2020-03-18 07:30:00,0.24687830550484835
2020-03-18 08:00:00,0.24251468741102988
2020-03-18 08:30:00,0.23461754435912688
2020-03-18 09:00:00,0.23345824506167154
2020-03-18 09:30:00,0.231922636343083
2020-03-18 10:00:00,0.23430974770354118
2020-03-18 10:30:00,0.23433172839402794
2020-03-18 11:00:00,0.23806239166659698
2020-03-18 11:30:00,0.24216337723889036
2020-03-18 12:00:00,0.2522595228724785
2020-03-18 12:30:00,0.2529079406814434
2020-03-18 13:00:00,0.2494553059293436
2020-03-18 13:30:00,0.24414561684097705
2020-03-18 14:00:00,0.241176582400375
2020-03-18 14:30:00,0.2394240724148614
2020-03-18 15:00:00,0.2438596417775471
2020-03-18 15:30:00,0.2620867085904725
2020-03-18 16:00:00,0.29189420798338683
2020-03-18 16:30:00,0.32396458806092626
2020-03-18 17:00:00,0.3594125168518626
2020-03-18 17:30:00,0.3812233070681526
2020-03-18 18:00:00,0.4084512112407159
2020-03-18 18:30:00,0.4173790643343408
2020-03-18 19:00:00,0.40637864565452203
2020-03-18 19:30:00,0.3857486832519698
2020-03-18 20:00:00,0.3634748833976707
2020-03-18 20:30:00,0.33984326302303575
2020-03-18 21:00:00,0.3167414987062795
2020-03-18 21:30:00,0.28925418051799057
2020-03-18 22:00:00,0.26279611967543937
2020-03-18 22:30:00,0.2333832678797216
2020-03-18 23:00:00,0.20216788223374063
2020-03-18 23:30:00,0.17674434572904707
2020-03-19 00:00:00,0.1960681525466255
2020-03-19 00:30:00,0.19880295224554662
2020-03-19 01:00:00,0.18833535167684204
2020-03-19 01:30:00,0.17730904909258172
2020-03-19 02:00:00,0.16855891946140342
2020-03-19 02:30:00,0.1600515764823953
2020-03-19 03:00:00,0.15245611775528978
2020-03-19 03:30:00,0.14604682612695497
2020-03-19 04:00:00,0.14166592790833832
2020-03-19 04:30:00,0.1383864263611275
2020-03-19 05:00:00,0.14540141339800955
2020-03-19 05:30:00,0.1567214769591035
2020-03-19 06:00:00,0.1845269381951995
2020-03-19 06:30:00,0.21393975077360544
2020-03-19 07:00:00,0.23514659195450371
2020-03-19 07:30:00,0.24803714978673588
2020-03-19 08:00:00,0.24831660115413562
2020-03-19 08:30:00,0.2413989629505729
2020-03-19 09:00:00,0.2396231078029605
2020-03-19 09:30:00,0.240533068495442
2020-03-19 10:00:00,0.24180666555155964
2020-03-19 10:30:00,0.24106211372322725
2020-03-19 11:00:00,0.24405002885315014
2020-03-19 11:30:00,0.24845047335496606
2020-03-19 12:00:00,0.2587400060214765
2020-03-19 12:30:00,0.2598560532566153
2020-03-19 13:00:00,0.2576349479811327
2020-03-19 13:30:00,0.25220232161375583
2020-03-19 14:00:00,0.24784368414009975
2020-03-19 14:30:00,0.24461566252968917
2020-03-19 15:00:00,0.25143474224734885
2020-03-19 15:30:00,0.26725292710668036
2020-03-19 16:00:00,0.29716277786140793
2020-03-19 16:30:00,0.33099328449328447
2020-03-19 17:00:00,0.3676863448575776
2020-03-19 17:30:00,0.3943887234896634
2020-03-19 18:00:00,0.4228373419415269
2020-03-19 18:30:00,0.42837326052050584
2020-03-19 19:00:00,0.4167601609018532
2020-03-19 19:30:00,0.39454073559911684
2020-03-19 20:00:00,0.368439553087576
2020-03-19 20:30:00,0.3463042249280791
2020-03-19 21:00:00,0.3204033083561919
2020-03-19 21:30:00,0.29309679199839433
2020-03-19 22:00:00,0.2649865524854485
2020-03-19 22:30:00,0.2337899076737807
2020-03-19 23:00:00,0.2035098012979194
2020-03-19 23:30:00,0.18046025122098086
2020-03-20 00:00:00,0.19961812216474997
2020-03-20 00:30:00,0.20422927233465574
2020-03-20 01:00:00,0.19339938733490686
2020-03-20 01:30:00,0.18293981318736505
2020-03-20 02:00:00,0.17478418621001357
2020-03-20 02:30:00,0.1662615795376555
2020-03-20 03:00:00,0.15838735164632828
2020-03-20 03:30:00,0.15103705284654922
2020-03-20 04:00:00,0.14678549188972034
2020-03-20 04:30:00,0.14261442273891428
2020-03-20 05:00:00,0.15005686402517623
2020-03-20 05:30:00,0.16185521183816273
2020-03-20 06:00:00,0.18834390431711276
2020-03-20 06:30:00,0.21733124926764763
2020-03-20 07:00:00,0.23767448400542346
2020-03-20 07:30:00,0.24980329433033688
2020-03-20 08:00:00,0.25149065936825193
2020-03-20 08:30:00,0.24789485930464172
2020-03-20 09:00:00,0.24853447049272265
2020-03-20 09:30:00,0.24816363545058115
2020-03-20 10:00:00,0.24946652549820467
2020-03-20 10:30:00,0.2501980214592993
2020-03-20 11:00:00,0.2514001104768919
2020-03-20 11:30:00,0.2535489278719806
2020-03-20 12:00:00,0.26338964865000575
2020-03-20 12:30:00,0.26441782512993495
2020-03-20 13:00:00,0.26180007197676647
2020-03-20 13:30:00,0.2560670220868239
2020-03-20 14:00:00,0.2512433484261358
2020-03-20 14:30:00,0.24949909611328722
2020-03-20 15:00:00,0.251197114257976
2020-03-20 15:30:00,0.2640207810250744
2020-03-20 16:00:00,0.2894368618392419
2020-03-20 16:30:00,0.3202925496300759
2020-03-20 17:00:00,0.34813738126124605
2020-03-20 17:30:00,0.3725166422563501
2020-03-20 18:00:00,0.4015619115370129
2020-03-20 18:30:00,0.41488909905009
2020-03-20 19:00:00,0.40970120098757173
2020-03-20 19:30:00,0.3866546009959408
2020-03-20 20:00:00,0.3628892413273632
2020-03-20 20:30:00,0.3420015064652467
2020-03-20 21:00:00,0.31964629869858124
2020-03-20 21:30:00,0.2957004728627023
2020-03-20 22:00:00,0.27146363141816954
2020-03-20 22:30:00,0.245045227434406
2020-03-20 23:00:00,0.21809434657069926
2020-03-20 23:30:00,0.19370287483784576
2020-03-21 00:00:00,0.21272021991447765
2020-03-21 00:30:00,0.21421024928661686
2020-03-21 01:00:00,0.20178437000527186
2020-03-21 01:30:00,0.19023747081614378
2020-03-21 02:00:00,0.18117978092233533
2020-03-21 02:30:00,0.17190777483033623
2020-03-21 03:00:00,0.1636050911707853
2020-03-21 03:30:00,0.1544427494330592
2020-03-21 04:00:00,0.15024485150751885
2020-03-21 04:30:00,0.1445183303905407
2020-03-21 05:00:00,0.1476885800118828
2020-03-21 05:30:00,0.15376073003573193
2020-03-21 06:00:00,0.16909681090534814
2020-03-21 06:30:00,0.18480666270575133
2020-03-21 07:00:00,0.19885091338147792
2020-03-21 07:30:00,0.22138091731449938
2020-03-21 08:00:00,0.2419490046108401
2020-03-21 08:30:00,0.26065698194994186
2020-03-21 09:00:00,0.2742081488857835
2020-03-21 09:30:00,0.28509163103237617
2020-03-21 10:00:00,0.28876205220039985
2020-03-21 10:30:00,0.29200139747784526
2020-03-21 11:00:00,0.2929751884921464
2020-03-21 11:30:00,0.2974756573111746
2020-03-21 12:00:00,0.3054481598634333
2020-03-21 12:30:00,0.3070363592241132
2020-03-21 13:00:00,0.30056280229619575
2020-03-21 13:30:00,0.2939552476109186
2020-03-21 14:00:00,0.28805339659587287
2020-03-21 14:30:00,0.285151545580827
2020-03-21 15:00:00,0.2876354956402405
2020-03-21 15:30:00,0.2942470000502082
2020-03-21 16:00:00,0.3119617328580275
2020-03-21 16:30:00,0.33984134993556603
2020-03-21 17:00:00,0.37791787585145026
2020-03-21 17:30:00,0.4034974979498252
2020-03-21 18:00:00,0.4243599939749963
2020-03-21 18:30:00,0.4345382169336077
2020-03-21 19:00:00,0.42226651436796053
2020-03-21 19:30:00,0.39137479707452566
2020-03-21 20:00:00,0.3619492477113354
2020-03-21 20:30:00,0.3407659704440093
2020-03-21 21:00:00,0.3171999129721677
2020-03-21 21:30:00,0.29484745025187853
2020-03-21 22:00:00,0.27076134290639486
2020-03-21 22:30:00,0.24502474435574298
2020-03-21 23:00:00,0.2181390604341349
2020-03-21 23:30:00,0.1936797175060876
2020-03-22 00:00:00,0.2120502509620211
2020-03-22 00:30:00,0.2106522517398286
2020-03-22 01:00:00,0.19767517292717415
2020-03-22 01:30:00,0.18519320576723655
2020-03-22 02:00:00,0.17664623091204068
2020-03-22 02:30:00,0.16728083291520315
2020-03-22 03:00:00,0.15925986319468838
2020-03-22 03:30:00,0.15237682395538055
2020-03-22 04:00:00,0.14774286096547345
2020-03-22 04:30:00,0.14347337129669124
2020-03-22 05:00:00,0.14550474541972927
2020-03-22 05:30:00,0.1505508366154078
2020-03-22 06:00:00,0.1644866417479869
2020-03-22 06:30:00,0.17754591977523018
2020-03-22 07:00:00,0.19093470135213103
2020-03-22 07:30:00,0.2133445969110871
2020-03-22 08:00:00,0.23958256194131566
2020-03-22 08:30:00,0.2635443477242891
2020-03-22 09:00:00,0.28409787689503213
2020-03-22 09:30:00,0.2969221834784134
2020-03-22 10:00:00,0.3045424997282357
2020-03-22 10:30:00,0.3096584217611988
2020-03-22 11:00:00,0.31252075859819883
2020-03-22 11:30:00,0.3191564608785089
2020-03-22 12:00:00,0.32846964185669264
2020-03-22 12:30:00,0.3315195126642081
2020-03-22 13:00:00,0.32206775706795787
2020-03-22 13:30:00,0.3121559842460427
2020-03-22 14:00:00,0.3067077908503289
2020-03-22 14:30:00,0.3027100569450366
2020-03-22 15:00:00,0.3046934333425315
2020-03-22 15:30:00,0.3146900827828414
2020-03-22 16:00:00,0.3360696379295927
2020-03-22 16:30:00,0.36354872480976647
2020-03-22 17:00:00,0.38608192992725143
2020-03-22 17:30:00,0.39899411322016903
2020-03-22 18:00:00,0.4206200936533155
2020-03-22 18:30:00,0.4288070506977948
2020-03-22 19:00:00,0.4178989982607532
2020-03-22 19:30:00,0.39158248392464445
2020-03-22 20:00:00,0.36461723512245703
2020-03-22 20:30:00,0.3408556437249673
2020-03-22 21:00:00,0.3164751114195646
2020-03-22 21:30:00,0.28959260157367067
2020-03-22 22:00:00,0.2631916500129607
2020-03-22 22:30:00,0.2344689990216819
2020-03-22 23:00:00,0.20405803015226648
2020-03-22 23:30:00,0.18016520197670421
2020-03-30 00:00:00,0.17873686718284693
2020-03-30 00:30:00,0.16950684931506857
2020-03-30 01:00:00,0.1933916728777811
2020-03-30 01:30:00,0.18267006303770372
2020-03-30 02:00:00,0.17443961115163817
2020-03-30 02:30:00,0.1662428202159883
2020-03-30 03:00:00,0.16040335394862043
2020-03-30 03:30:00,0.15519303837614973
2020-03-30 04:00:00,0.15084582570153113
2020-03-30 04:30:00,0.14587444099083383
2020-03-30 05:00:00,0.14959575952679244
2020-03-30 05:30:00,0.15333400467826988
2020-03-30 06:00:00,0.1673177785002339
2020-03-30 06:30:00,0.1839542563988709
2020-03-30 07:00:00,0.20361339074034437
2020-03-30 07:30:00,0.22201909307875894
2020-03-30 08:00:00,0.23633372185220433
2020-03-30 08:30:00,0.25263758474408277
2020-03-30 09:00:00,0.26357127225151633
2020-03-30 09:30:00,0.27435901583450273
2020-03-30 10:00:00,0.2815064422261161
2020-03-30 10:30:00,0.288752329149454
2020-03-30 11:00:00,0.29258263889439506
2020-03-30 11:30:00,0.3012833016175071
2020-03-30 12:00:00,0.3167144352293812
2020-03-30 12:30:00,0.32242134141023293
2020-03-30 13:00:00,0.32144667068394084
2020-03-30 13:30:00,0.3102514847088861
2020-03-30 14:00:00,0.3038550689015398
2020-03-30 14:30:00,0.3002119597535738
2020-03-30 15:00:00,0.30033529700929257
2020-03-30 15:30:00,0.3028389892326476
2020-03-30 16:00:00,0.3218952330357282
2020-03-30 16:30:00,0.35197379562969755
2020-03-30 17:00:00,0.38719515250501463
2020-03-30 17:30:00,0.406778913317529
2020-03-30 18:00:00,0.41584758891901746
2020-03-30 18:30:00,0.4094795915131142
2020-03-30 19:00:00,0.39987476808905387
2020-03-30 19:30:00,0.38736930651465534
2020-03-30 20:00:00,0.37490920478871037
2020-03-30 20:30:00,0.35382222169366284
2020-03-30 21:00:00,0.32833852399226143
2020-03-30 21:30:00,0.3014289995718567
2020-03-30 22:00:00,0.2760458891619756
2020-03-30 22:30:00,0.24644616933725533
2020-03-30 23:00:00,0.21560326018013448
2020-03-30 23:30:00,0.18994503115931688
2020-03-31 00:00:00,0.17106088404360756
2020-03-31 00:30:00,0.16495899468802028
2020-03-31 01:00:00,0.19001978105483136
2020-03-31 01:30:00,0.18001061488775616
2020-03-31 02:00:00,0.17233408795871197
2020-03-31 02:30:00,0.1645258287686414
2020-03-31 03:00:00,0.1585194645853782
2020-03-31 03:30:00,0.15307902194218423
2020-03-31 04:00:00,0.14830158629642537
2020-03-31 04:30:00,0.1432809818573284
2020-03-31 05:00:00,0.14628897666466137
2020-03-31 05:30:00,0.15166161652141566
2020-03-31 06:00:00,0.16655797330884803
2020-03-31 06:30:00,0.182453084680292
2020-03-31 07:00:00,0.20186287143603465
2020-03-31 07:30:00,0.22119122326531263
2020-03-31 08:00:00,0.2326496905029525
2020-03-31 08:30:00,0.2472285212215239
2020-03-31 09:00:00,0.2566629965013378
2020-03-31 09:30:00,0.26500323742430837
2020-03-31 10:00:00,0.27239715043337154
2020-03-31 10:30:00,0.2768087624173821
2020-03-31 11:00:00,0.28086284194528877
2020-03-31 11:30:00,0.2878059856256331
2020-03-31 12:00:00,0.3043528843718336
2020-03-31 12:30:00,0.30905843148429596
2020-03-31 13:00:00,0.30408942027608915
2020-03-31 13:30:00,0.2931469810663626
2020-03-31 14:00:00,0.28598952001013167
2020-03-31 14:30:00,0.2802793344731511
2020-03-31 15:00:00,0.2800744760005066
2020-03-31 15:30:00,0.28419499588399183
2020-03-31 16:00:00,0.3048951851001687
2020-03-31 16:30:00,0.3372721034051514
2020-03-31 17:00:00,0.3720749972296537
2020-03-31 17:30:00,0.3928614906045689
2020-03-31 18:00:00,0.40156325887698074
2020-03-31 18:30:00,0.39602046098560995
2020-03-31 19:00:00,0.38727029080719966
2020-03-31 19:30:00,0.37635463597650765
2020-03-31 20:00:00,0.3670122290997167
2020-03-31 20:30:00,0.34427851477781807
2020-03-31 21:00:00,0.3219592759106524
2020-03-31 21:30:00,0.2968462616156658
2020-03-31 22:00:00,0.27120662033592435
2020-03-31 22:30:00,0.24216971140907725
2020-03-31 23:00:00,0.2121202409409679
2020-03-31 23:30:00,0.1866460843135082
2020-04-01 00:00:00,0.169749885228514
2020-04-01 00:30:00,0.16401889376118034
2020-04-01 01:00:00,0.1887546112759644
2020-04-01 01:30:00,0.1781936775469832
2020-04-01 02:00:00,0.170317903066271
2020-04-01 02:30:00,0.16210165776458946
2020-04-01 03:00:00,0.15634545512090134
2020-04-01 03:30:00,0.1510176525509558
2020-04-01 04:00:00,0.14723995917204713
2020-04-01 04:30:00,0.1432555999525261
2020-04-01 05:00:00,0.1466403212406536
2020-04-01 05:30:00,0.15080299877358866
2020-04-01 06:00:00,0.1661478260869565
2020-04-01 06:30:00,0.1827485856707679
2020-04-01 07:00:00,0.20298891482375286
2020-04-01 07:30:00,0.22321605412034645
2020-04-01 08:00:00,0.2356282232859911
2020-04-01 08:30:00,0.251236032757052
2020-04-01 09:00:00,0.26292760274080984
2020-04-01 09:30:00,0.26956314336126336
2020-04-01 10:00:00,0.2760278826145093
2020-04-01 10:30:00,0.2811637589309026
2020-04-01 11:00:00,0.2841352264455488
2020-04-01 11:30:00,0.2912779197556748
2020-04-01 12:00:00,0.3092227804634897
2020-04-01 12:30:00,0.3147714120690882
2020-04-01 13:00:00,0.3111685180789619
2020-04-01 13:30:00,0.3004521797610569
2020-04-01 14:00:00,0.2945948018039404
2020-04-01 14:30:00,0.2899219321148826
2020-04-01 15:00:00,0.29188798164411744
2020-04-01 15:30:00,0.2962699343302477
2020-04-01 16:00:00,0.31783763747131893
2020-04-01 16:30:00,0.3515606297966612
2020-04-01 17:00:00,0.38730231030936
2020-04-01 17:30:00,0.40802250178020383
2020-04-01 18:00:00,0.4143608513331749
2020-04-01 18:30:00,0.4055490386897698
2020-04-01 19:00:00,0.39502887095498057
2020-04-01 19:30:00,0.3795328348761769
2020-04-01 20:00:00,0.3655661523854735
2020-04-01 20:30:00,0.34282198749901094
2020-04-01 21:00:00,0.3207610095735422
2020-04-01 21:30:00,0.2955295751246144
2020-04-01 22:00:00,0.2697216868423133
2020-04-01 22:30:00,0.24125146767940514
2020-04-01 23:00:00,0.2103648469024448
2020-04-01 23:30:00,0.18554250336260772
2020-04-02 00:00:00,0.16874016140517448
2020-04-02 00:30:00,0.16355794762243847
2020-04-02 01:00:00,0.18737487761740831
2020-04-02 01:30:00,0.1767392382275842
2020-04-02 02:00:00,0.16875915105959635
2020-04-02 02:30:00,0.16022033603890967
2020-04-02 03:00:00,0.1546049016201876
2020-04-02 03:30:00,0.148596982282159
2020-04-02 04:00:00,0.1439411773994884
2020-04-02 04:30:00,0.1393587073240059
2020-04-02 05:00:00,0.14246380633547046
2020-04-02 05:30:00,0.14740215709187385
2020-04-02 06:00:00,0.16216172662097716
2020-04-02 06:30:00,0.17793091305309036
2020-04-02 07:00:00,0.19756551021697252
2020-04-02 07:30:00,0.21728347756055966
2020-04-02 08:00:00,0.2301336812683574
2020-04-02 08:30:00,0.24734630325616644
2020-04-02 09:00:00,0.25738727556966223
2020-04-02 09:30:00,0.26286498649864987
2020-04-02 10:00:00,0.26821993083737294
2020-04-02 10:30:00,0.272106925737024
2020-04-02 11:00:00,0.2764130427917258
2020-04-02 11:30:00,0.28464227854097596
2020-04-02 12:00:00,0.30349821569556285
2020-04-02 12:30:00,0.3086841939049425
2020-04-02 13:00:00,0.3035119690510027
2020-04-02 13:30:00,0.2933547923574924
2020-04-02 14:00:00,0.28324370371539986
2020-04-02 14:30:00,0.27788399046280654
2020-04-02 15:00:00,0.27841121251835604
2020-04-02 15:30:00,0.28219999684198893
2020-04-02 16:00:00,0.30229022911370407
2020-04-02 16:30:00,0.3319407715021081
2020-04-02 17:00:00,0.36776771249467066
2020-04-02 17:30:00,0.38047467275110136
2020-04-02 18:00:00,0.3905057909571068
2020-04-02 18:30:00,0.38360332535941816
2020-04-02 19:00:00,0.3736350710152136
2020-04-02 19:30:00,0.36051896765432684
2020-04-02 20:00:00,0.35839082447123455
2020-04-02 20:30:00,0.3354327985852335
2020-04-02 21:00:00,0.313562117097202
2020-04-02 21:30:00,0.28939832154361145
2020-04-02 22:00:00,0.26612181835407045
2020-04-02 22:30:00,0.23785463115012945
2020-04-02 23:00:00,0.20816674824733145
2020-04-02 23:30:00,0.18399726046864137
2020-04-03 00:00:00,0.16667988536600772
2020-04-03 00:30:00,0.16124948683130172
2020-04-03 01:00:00,0.1847634242472017
2020-04-03 01:30:00,0.1743323190919123
2020-04-03 02:00:00,0.16555457196909978
2020-04-03 02:30:00,0.1573623206684535
2020-04-03 03:00:00,0.15076344001261238
2020-04-03 03:30:00,0.14474274791108313
2020-04-03 04:00:00,0.14063962131782032
2020-04-03 04:30:00,0.13587153656364057
2020-04-03 05:00:00,0.13869019635664234
2020-04-03 05:30:00,0.14420854320870874
2020-04-03 06:00:00,0.15807984329305302
2020-04-03 06:30:00,0.17451416905116618
2020-04-03 07:00:00,0.19397483072023713
2020-04-03 07:30:00,0.21397684867689823
2020-04-03 08:00:00,0.22642798023033084
2020-04-03 08:30:00,0.24337024775147595
2020-04-03 09:00:00,0.2540158912834417
2020-04-03 09:30:00,0.2626464690256417
2020-04-03 10:00:00,0.2696697881195611
2020-04-03 10:30:00,0.27414878137217813
2020-04-03 11:00:00,0.2786540389708665
2020-04-03 11:30:00,0.2854775312339887
2020-04-03 12:00:00,0.2993234304181612
2020-04-03 12:30:00,0.3037463918338391
2020-04-03 13:00:00,0.2984364954873289
2020-04-03 13:30:00,0.2869034800772476
2020-04-03 14:00:00,0.2784376620817403
2020-04-03 14:30:00,0.272283682912026
2020-04-03 15:00:00,0.2727086476388659
2020-04-03 15:30:00,0.27330014109264045
2020-04-03 16:00:00,0.2907429749264977
2020-04-03 16:30:00,0.3184421559586024
2020-04-03 17:00:00,0.3480016079831636
2020-04-03 17:30:00,0.36525656001954787
2020-04-03 18:00:00,0.37581332418989966
2020-04-03 18:30:00,0.3701342508296089
2020-04-03 19:00:00,0.3615295939842511
2020-04-03 19:30:00,0.35498738836734506
2020-04-03 20:00:00,0.3485952454144893
2020-04-03 20:30:00,0.3290566341128899
2020-04-03 21:00:00,0.3090522279237314
2020-04-03 21:30:00,0.28622278449084476
2020-04-03 22:00:00,0.2656844017750874
2020-04-03 22:30:00,0.24049951524036983
2020-04-03 23:00:00,0.2156594780360535
2020-04-03 23:30:00,0.192490482158481
2020-04-04 00:00:00,0.17455015094547827
2020-04-04 00:30:00,0.16703781125115277
2020-04-04 01:00:00,0.188401279547872
2020-04-04 01:30:00,0.17623982366839513
2020-04-04 02:00:00,0.16683890789306985
2020-04-04 02:30:00,0.15714186410653844
2020-04-04 03:00:00,0.15062149226382762
2020-04-04 03:30:00,0.1447394878429765
2020-04-04 04:00:00,0.139447346237779
2020-04-04 04:30:00,0.13431283883201806
2020-04-04 05:00:00,0.13581636184857432
2020-04-04 05:30:00,0.13779845199046656
2020-04-04 06:00:00,0.14908554033964436
2020-04-04 06:30:00,0.15975368508817472
2020-04-04 07:00:00,0.17492251787413773
2020-04-04 07:30:00,0.19097076451156203
2020-04-04 08:00:00,0.20448222459926696
2020-04-04 08:30:00,0.2253026670756549
2020-04-04 09:00:00,0.24583136708980222
2020-04-04 09:30:00,0.2631555365049901
2020-04-04 10:00:00,0.2754397281929075
2020-04-04 10:30:00,0.28602992363770774
2020-04-04 11:00:00,0.2902910267600871
2020-04-04 11:30:00,0.29721262492431805
2020-04-04 12:00:00,0.30960580876976423
2020-04-04 12:30:00,0.31136634589681883
2020-04-04 13:00:00,0.30711733582811185
2020-04-04 13:30:00,0.29946896790270966
2020-04-04 14:00:00,0.29139782097741596
2020-04-04 14:30:00,0.2863658352526863
2020-04-04 15:00:00,0.2830909412486046
2020-04-04 15:30:00,0.2824943481951955
2020-04-04 16:00:00,0.29467363365535004
2020-04-04 16:30:00,0.31792397481547846
2020-04-04 17:00:00,0.3447506897337744
2020-04-04 17:30:00,0.3649246362685993
2020-04-04 18:00:00,0.37158406105814185
2020-04-04 18:30:00,0.3647781410886226
2020-04-04 19:00:00,0.3590155784542589
2020-04-04 19:30:00,0.34736712541951925
2020-04-04 20:00:00,0.34103370194839383
2020-04-04 20:30:00,0.32510748361338604
2020-04-04 21:00:00,0.30351044081703216
2020-04-04 21:30:00,0.2820321510810026
2020-04-04 22:00:00,0.2614882589629535
2020-04-04 22:30:00,0.23818231327800843
2020-04-04 23:00:00,0.2113078271119842
2020-04-04 23:30:00,0.18950092730844792
2020-04-05 00:00:00,0.17164172665262623
2020-04-05 00:30:00,0.16458790755424238
2020-04-05 01:00:00,0.1827545549440122
2020-04-05 01:30:00,0.16953488353705784
2020-04-05 02:00:00,0.16030182640101792
2020-04-05 02:30:00,0.15146850241316934
2020-04-05 03:00:00,0.14388966491468974
2020-04-05 03:30:00,0.13800896277727864
2020-04-05 04:00:00,0.13398107829318812
2020-04-05 04:30:00,0.12905032683337406
2020-04-05 05:00:00,0.12972171806929536
2020-04-05 05:30:00,0.13263259416529066
2020-04-05 06:00:00,0.14232085426938104
2020-04-05 06:30:00,0.15223114846907485
2020-04-05 07:00:00,0.16619552756351297
2020-04-05 07:30:00,0.18220448952313562
2020-04-05 08:00:00,0.19894471393866014
2020-04-05 08:30:00,0.22222301360816962
2020-04-05 09:00:00,0.2460123098691193
2020-04-05 09:30:00,0.26514386657130057
2020-04-05 10:00:00,0.2796791265263786
2020-04-05 10:30:00,0.2914477692845526
2020-04-05 11:00:00,0.29841437896175493
2020-04-05 11:30:00,0.3071509894769906
2020-04-05 12:00:00,0.31868576812845983
2020-04-05 12:30:00,0.3222384496416152
2020-04-05 13:00:00,0.3156072233168226
2020-04-05 13:30:00,0.30565968150816625
2020-04-05 14:00:00,0.29774719436204095
2020-04-05 14:30:00,0.2926160576953259
2020-04-05 15:00:00,0.2914422933555156
2020-04-05 15:30:00,0.2944435969269645
2020-04-05 16:00:00,0.3099658013685731
2020-04-05 16:30:00,0.3352977352627283
2020-04-05 17:00:00,0.3575723747194626
2020-04-05 17:30:00,0.3658041840610187
2020-04-05 18:00:00,0.36227465551335547
2020-04-05 18:30:00,0.3511432707926269
2020-04-05 19:00:00,0.3405589855459125
2020-04-05 19:30:00,0.33280726313972264
2020-04-05 20:00:00,0.3246839561198388
2020-04-05 20:30:00,0.31069117773993826
2020-04-05 21:00:00,0.2913033765173924
2020-04-05 21:30:00,0.2653813353839875
2020-04-05 22:00:00,0.2444835332982839
2020-04-05 22:30:00,0.22019257689893282
2020-04-05 23:00:00,0.19287734716457025
2020-04-05 23:30:00,0.1714673456736842
2020-04-06 00:00:00,0.15478914495107624
2020-04-06 00:30:00,0.148006865814521
2020-04-06 01:00:00,0.16569875560608927
2020-04-06 01:30:00,0.15402440967238204
2020-04-06 02:00:00,0.14562573850298544
2020-04-06 02:30:00,0.1372306469509652
2020-04-06 03:00:00,0.1311275637347002
2020-04-06 03:30:00,0.12718845495516723
2020-04-06 04:00:00,0.12347159304806134
2020-04-06 04:30:00,0.11946924818450319
2020-04-06 05:00:00,0.1222124216791981
2020-04-06 05:30:00,0.12633282947345353
2020-04-06 06:00:00,0.14079169962641283
2020-04-06 06:30:00,0.15463124794411118
2020-04-06 07:00:00,0.17224758973395046
2020-04-06 07:30:00,0.19013323621782074
2020-04-06 08:00:00,0.20399283381499486
2020-04-06 08:30:00,0.22070739252680455
2020-04-06 09:00:00,0.23317833731448476
2020-04-06 09:30:00,0.24175307984493088
2020-04-06 10:00:00,0.24869689470180528
2020-04-06 10:30:00,0.2537893331244859
2020-04-06 11:00:00,0.25637024709245404
2020-04-06 11:30:00,0.2633878920781612
2020-04-06 12:00:00,0.27704377178211986
2020-04-06 12:30:00,0.28011851132483295
2020-04-06 13:00:00,0.2742844600733059
2020-04-06 13:30:00,0.26293344506751054
2020-04-06 14:00:00,0.255579101531907
2020-04-06 14:30:00,0.24951517026408948
2020-04-06 15:00:00,0.2478067666523085
2020-04-06 15:30:00,0.25160967529721334
2020-04-06 16:00:00,0.26906024936171546
2020-04-06 16:30:00,0.29922033739016013
2020-04-06 17:00:00,0.3314507776890182
2020-04-06 17:30:00,0.3506570963143962
2020-04-06 18:00:00,0.355047616809987
2020-04-06 18:30:00,0.3490841909058159
2020-04-06 19:00:00,0.33888809266481834
2020-04-06 19:30:00,0.3278632896323795
2020-04-06 20:00:00,0.3246700421346114
2020-04-06 20:30:00,0.31261986435474526
2020-04-06 21:00:00,0.29310384067164774
2020-04-06 21:30:00,0.2688139185188667
2020-04-06 22:00:00,0.24752078536409627
2020-04-06 22:30:00,0.2218927368701346
2020-04-06 23:00:00,0.1941652177999154
2020-04-06 23:30:00,0.1716185251319644
2020-04-07 00:00:00,0.15513768933164168
2020-04-07 00:30:00,0.14985464342214494
2020-04-07 01:00:00,0.1670635145500368
2020-04-07 01:30:00,0.15577627850914955
2020-04-07 02:00:00,0.14795259302161767
2020-04-07 02:30:00,0.1395167337163252
2020-04-07 03:00:00,0.13440339054685488
2020-04-07 03:30:00,0.1302924340019881
2020-04-07 04:00:00,0.12726849235730117
2020-04-07 04:30:00,0.12424019316260736
2020-04-07 05:00:00,0.12712341021687582
2020-04-07 05:30:00,0.13310726389030217
2020-04-07 06:00:00,0.14880213510319418
2020-04-07 06:30:00,0.1645464549303822
2020-04-07 07:00:00,0.18256597453216356
2020-04-07 07:30:00,0.20090683186062339
2020-04-07 08:00:00,0.21520344528015398
2020-04-07 08:30:00,0.2295070791819612
2020-04-07 09:00:00,0.23740499651715194
2020-04-07 09:30:00,0.24334601748440557
2020-04-07 10:00:00,0.2471322073429392
2020-04-07 10:30:00,0.2492468791822872
2020-04-07 11:00:00,0.2488938977718296
2020-04-07 11:30:00,0.25266801540219447
2020-04-07 12:00:00,0.26565954732574704
2020-04-07 12:30:00,0.2659649772254136
2020-04-07 13:00:00,0.25759294071610245
2020-04-07 13:30:00,0.24655211113285072
2020-04-07 14:00:00,0.2369893406378399
2020-04-07 14:30:00,0.23176664449227147
2020-04-07 15:00:00,0.23141645861866558
2020-04-07 15:30:00,0.23623265897084708
2020-04-07 16:00:00,0.25612061044805323
2020-04-07 16:30:00,0.2882803186826946
2020-04-07 17:00:00,0.3223371759954921
2020-04-07 17:30:00,0.3421722702228901
2020-04-07 18:00:00,0.34926895504633115
2020-04-07 18:30:00,0.34191362227648364
2020-04-07 19:00:00,0.3348587449912346
2020-04-07 19:30:00,0.3261284200475832
2020-04-07 20:00:00,0.3219020003756575
2020-04-07 20:30:00,0.3067380551751125
2020-04-07 21:00:00,0.28786831642875027
2020-04-07 21:30:00,0.26434738918106676
2020-04-07 22:00:00,0.24299033464813422
2020-04-07 22:30:00,0.21737698785374407
2020-04-07 23:00:00,0.18918490170298025
2020-04-07 23:30:00,0.16865580390683696
2020-04-08 00:00:00,0.1527068509446071
2020-04-08 00:30:00,0.1470349434174898
2020-04-08 01:00:00,0.16230679804963713
2020-04-08 01:30:00,0.15130187925143418
2020-04-08 02:00:00,0.14266417811062973
2020-04-08 02:30:00,0.1344785839571523
2020-04-08 03:00:00,0.12862185242295926
2020-04-08 03:30:00,0.12453652639321439
2020-04-08 04:00:00,0.12151681737117125
2020-04-08 04:30:00,0.11852344092074824
2020-04-08 05:00:00,0.12157233884523673
2020-04-08 05:30:00,0.12664428286618987
2020-04-08 06:00:00,0.14006097494234
2020-04-08 06:30:00,0.15518314230763217
2020-04-08 07:00:00,0.1725698247150251
2020-04-08 07:30:00,0.18990017669225845
2020-04-08 08:00:00,0.20422644754741773
2020-04-08 08:30:00,0.21910304442324835
2020-04-08 09:00:00,0.22947334021327814
2020-04-08 09:30:00,0.23521791273483494
2020-04-08 10:00:00,0.239173754983973
2020-04-08 10:30:00,0.2421719881166446
2020-04-08 11:00:00,0.2430271751452181
2020-04-08 11:30:00,0.24710284414284825
2020-04-08 12:00:00,0.2596177059228219
2020-04-08 12:30:00,0.25992184531673884
2020-04-08 13:00:00,0.2521974154308005
2020-04-08 13:30:00,0.24128972817461858
2020-04-08 14:00:00,0.2329041301509621
2020-04-08 14:30:00,0.22508031239983434
2020-04-08 15:00:00,0.22471894178074156
2020-04-08 15:30:00,0.22853601275867189
2020-04-08 16:00:00,0.2476414672472696
2020-04-08 16:30:00,0.27727036915427544
2020-04-08 17:00:00,0.31027208693272884
2020-04-08 17:30:00,0.3301003244341945
2020-04-08 18:00:00,0.3369272094750419
2020-04-08 18:30:00,0.3323467693390143
2020-04-08 19:00:00,0.32459391001837157
2020-04-08 19:30:00,0.31473587929484437
2020-04-08 20:00:00,0.313883086424579
2020-04-08 20:30:00,0.30107998999343305
2020-04-08 21:00:00,0.2820672238031208
2020-04-08 21:30:00,0.25915887770099116
2020-04-08 22:00:00,0.23962534788454926
2020-04-08 22:30:00,0.21465876825416672
2020-04-08 23:00:00,0.18854715948622933
2020-04-08 23:30:00,0.16631423501176543
2020-04-09 00:00:00,0.15017103277906768
2020-04-09 00:30:00,0.1455741691878328
2020-04-09 01:00:00,0.15828803370698685
2020-04-09 01:30:00,0.14718148489775507
2020-04-09 02:00:00,0.1386616171090893
2020-04-09 02:30:00,0.13061154188878646
2020-04-09 03:00:00,0.12515227688411584
2020-04-09 03:30:00,0.12132524875135817
2020-04-09 04:00:00,0.11848906918032545
2020-04-09 04:30:00,0.11610157489546297
2020-04-09 05:00:00,0.11892614013834082
2020-04-09 05:30:00,0.1229258275040057
2020-04-09 06:00:00,0.1362684200242292
2020-04-09 06:30:00,0.1493634686779476
2020-04-09 07:00:00,0.1672837815658046
2020-04-09 07:30:00,0.18446039375678985
2020-04-09 08:00:00,0.1992949792103041
2020-04-09 08:30:00,0.21462167443023716
2020-04-09 09:00:00,0.22501432613249128
2020-04-09 09:30:00,0.23361227217307035
2020-04-09 10:00:00,0.23724285647294213
2020-04-09 10:30:00,0.23981086066214402
2020-04-09 11:00:00,0.24290454715978368
2020-04-09 11:30:00,0.24785089371546468
2020-04-09 12:00:00,0.2607521199853067
2020-04-09 12:30:00,0.26251805797622485
2020-04-09 13:00:00,0.2556024353453328
2020-04-09 13:30:00,0.24518638676347607
2020-04-09 14:00:00,0.23701865557908885
2020-04-09 14:30:00,0.23306286781658603
2020-04-09 15:00:00,0.23246448249720594
2020-04-09 15:30:00,0.23593764019038532
2020-04-09 16:00:00,0.2533669863152876
2020-04-09 16:30:00,0.2824139254257423
2020-04-09 17:00:00,0.31428575336256265
2020-04-09 17:30:00,0.3350964487237599
2020-04-09 18:00:00,0.339587867514888
2020-04-09 18:30:00,0.3357122403363709
2020-04-09 19:00:00,0.32739187520515173
2020-04-09 19:30:00,0.3166498038357535
2020-04-09 20:00:00,0.31810656173312296
2020-04-09 20:30:00,0.3011040139425106
2020-04-09 21:00:00,0.2826656923581911
2020-04-09 21:30:00,0.26135064163683824
2020-04-09 22:00:00,0.24244029104209328
2020-04-09 22:30:00,0.21935629992028377
2020-04-09 23:00:00,0.1938745408506182
2020-04-09 23:30:00,0.17288646008362307
2020-04-10 00:00:00,0.1563294752061272
2020-04-10 00:30:00,0.15068275565628542
2020-04-10 01:00:00,0.16122333721193569
2020-04-10 01:30:00,0.14874691541200732
2020-04-10 02:00:00,0.13990595180459472
2020-04-10 02:30:00,0.1316084454473761
2020-04-10 03:00:00,0.12563674055797183
2020-04-10 03:30:00,0.12141587675874894
2020-04-10 04:00:00,0.11818949834081606
2020-04-10 04:30:00,0.1151759396617687
2020-04-10 05:00:00,0.11726394647053784
2020-04-10 05:30:00,0.12068977201748916
2020-04-10 06:00:00,0.13107612429731416
2020-04-10 06:30:00,0.14140256089943784
2020-04-10 07:00:00,0.1563112976264835
2020-04-10 07:30:00,0.17172204091192997
2020-04-10 08:00:00,0.18711896470955652
2020-04-10 08:30:00,0.2070899828232354
2020-04-10 09:00:00,0.2258044737663961
2020-04-10 09:30:00,0.24110462910189645
2020-04-10 10:00:00,0.2514085898096532
2020-04-10 10:30:00,0.2557616761137396
2020-04-10 11:00:00,0.26003590668478005
2020-04-10 11:30:00,0.26357846864923506
2020-04-10 12:00:00,0.27223519124317835
2020-04-10 12:30:00,0.27115401731689603
2020-04-10 13:00:00,0.2637041605833718
2020-04-10 13:30:00,0.2533189494312283
2020-04-10 14:00:00,0.2454956863908558
2020-04-10 14:30:00,0.23590225869162956
2020-04-10 15:00:00,0.2333140697828752
2020-04-10 15:30:00,0.23538653841649554
2020-04-10 16:00:00,0.2507534801652053
2020-04-10 16:30:00,0.2781364427753877
2020-04-10 17:00:00,0.3079477213994052
2020-04-10 17:30:00,0.32393747023414504
2020-04-10 18:00:00,0.3319854157070023
2020-04-10 18:30:00,0.3273026475020106
2020-04-10 19:00:00,0.31740865688655023
2020-04-10 19:30:00,0.30700706573081527
2020-04-10 20:00:00,0.3055220833365863
2020-04-10 20:30:00,0.294281450309565
2020-04-10 21:00:00,0.2761689698786713
2020-04-10 21:30:00,0.2551449696288316
2020-04-10 22:00:00,0.2378437563435924
2020-04-10 22:30:00,0.21492730438312957
2020-04-10 23:00:00,0.19197805312221863
2020-04-10 23:30:00,0.1715354382348808
2020-04-11 00:00:00,0.15604522883777586
2020-04-11 00:30:00,0.14914377508158838
2020-04-11 01:00:00,0.15798628812859064
2020-04-11 01:30:00,0.14570151929717887
2020-04-11 02:00:00,0.13685800144991936
2020-04-11 02:30:00,0.1284535214561329
2020-04-11 03:00:00,0.12286753815693076
2020-04-11 03:30:00,0.11907992173858828
2020-04-11 04:00:00,0.11568359719071797
2020-04-11 04:30:00,0.11249971938576668
2020-04-11 05:00:00,0.11386344220126288
2020-04-11 05:30:00,0.11556447891495837
2020-04-11 06:00:00,0.12408205627874352
2020-04-11 06:30:00,0.13301297840829385
2020-04-11 07:00:00,0.14716155585002727
2020-04-11 07:30:00,0.16283788418517273
2020-04-11 08:00:00,0.18056457584709762
2020-04-11 08:30:00,0.2013724033642266
2020-04-11 09:00:00,0.22271547497486183
2020-04-11 09:30:00,0.23892060238052548
2020-04-11 10:00:00,0.24918095579580793
2020-04-11 10:30:00,0.2568616270821802
2020-04-11 11:00:00,0.25977653147921514
2020-04-11 11:30:00,0.26294152356751443
2020-04-11 12:00:00,0.27170061033120013
2020-04-11 12:30:00,0.2714958726644894
2020-04-11 13:00:00,0.2642688809035709
2020-04-11 13:30:00,0.25232486300675794
2020-04-11 14:00:00,0.24355262645080325
2020-04-11 14:30:00,0.23601834890990023
2020-04-11 15:00:00,0.2333902767926043
2020-04-11 15:30:00,0.2348269481101558
2020-04-11 16:00:00,0.24761957580812385
2020-04-11 16:30:00,0.2716084838375256
2020-04-11 17:00:00,0.29859237982399395
2020-04-11 17:30:00,0.31303107778410016
2020-04-11 18:00:00,0.3184442712271322
2020-04-11 18:30:00,0.3147943659336976
2020-04-11 19:00:00,0.3074313708677925
2020-04-11 19:30:00,0.29864683415048626
2020-04-11 20:00:00,0.2977869686883725
2020-04-11 20:30:00,0.2882248559914568
2020-04-11 21:00:00,0.27122175366939233
2020-04-11 21:30:00,0.2551125410200249
2020-04-11 22:00:00,0.2360023540232753
2020-04-11 22:30:00,0.21641329155364325
2020-04-11 23:00:00,0.1936941664328252
2020-04-11 23:30:00,0.17317519408848572
2020-04-12 00:00:00,0.15630887350731149
2020-04-12 00:30:00,0.14893499204938726
2020-04-12 01:00:00,0.155949430243781
2020-04-12 01:30:00,0.14377024081943998
2020-04-12 02:00:00,0.13438775859653496
2020-04-12 02:30:00,0.12577132983608608
2020-04-12 03:00:00,0.12080841823431898
2020-04-12 03:30:00,0.11687200840565051
2020-04-12 04:00:00,0.11439559644166344
2020-04-12 04:30:00,0.11078479702384669
2020-04-12 05:00:00,0.11156297426238836
2020-04-12 05:30:00,0.11325134447306777
2020-04-12 06:00:00,0.12064063071546989
2020-04-12 06:30:00,0.12877883103743487
2020-04-12 07:00:00,0.14158973460969726
2020-04-12 07:30:00,0.15850010117518873
2020-04-12 08:00:00,0.17806970137986308
2020-04-12 08:30:00,0.20128101579098925
2020-04-12 09:00:00,0.2247371722533096
2020-04-12 09:30:00,0.2451405001128483
2020-04-12 10:00:00,0.2614545999330691
2020-04-12 10:30:00,0.27005419834852235
2020-04-12 11:00:00,0.27959450856480217
2020-04-12 11:30:00,0.2932690305157558
2020-04-12 12:00:00,0.30763399771190186
2020-04-12 12:30:00,0.31353211508977274
2020-04-12 13:00:00,0.3079558646130858
2020-04-12 13:30:00,0.2992964386887901
2020-04-12 14:00:00,0.29312477041372237
2020-04-12 14:30:00,0.2890826115041285
2020-04-12 15:00:00,0.29127307324134377
2020-04-12 15:30:00,0.2999088432832918
2020-04-12 16:00:00,0.31775345738678384
2020-04-12 16:30:00,0.3417175099032631
2020-04-12 17:00:00,0.36051167767893955
2020-04-12 17:30:00,0.3603055341536114
2020-04-12 18:00:00,0.35119232176071863
2020-04-12 18:30:00,0.33436596546115366
2020-04-12 19:00:00,0.3219764033838421
2020-04-12 19:30:00,0.30836015969741526
2020-04-12 20:00:00,0.3026092783264457
2020-04-12 20:30:00,0.28879048048936135
2020-04-12 21:00:00,0.27075670459321055
2020-04-12 21:30:00,0.25156124799601537
2020-04-12 22:00:00,0.23457713200616387
2020-04-12 22:30:00,0.2133312372562143
2020-04-12 23:00:00,0.18953645306395628
2020-04-12 23:30:00,0.17268415645866741
2020-04-13 00:00:00,0.1569163696359363
2020-04-13 00:30:00,0.1483917848304201
2020-04-13 01:00:00,0.15811440222889792
2020-04-13 01:30:00,0.14610330202261532
2020-04-13 02:00:00,0.13827590527405315
2020-04-13 02:30:00,0.1319571974442984
2020-04-13 03:00:00,0.12700117511556602
2020-04-13 03:30:00,0.12364509175240088
2020-04-13 04:00:00,0.12021498054474714
2020-04-13 04:30:00,0.1173681343481036
2020-04-13 05:00:00,0.11949055267622309
2020-04-13 05:30:00,0.12317385721623021
2020-04-13 06:00:00,0.13253888655429494
2020-04-13 06:30:00,0.14098780563726643
2020-04-13 07:00:00,0.15460990490420387
2020-04-13 07:30:00,0.16975418281427518
2020-04-13 08:00:00,0.18597122246173242
2020-04-13 08:30:00,0.20576278374823928
2020-04-13 09:00:00,0.22693506766378999
2020-04-13 09:30:00,0.2442412239402971
2020-04-13 10:00:00,0.260240758898694
2020-04-13 10:30:00,0.27029540944569386
2020-04-13 11:00:00,0.27587162945612176
2020-04-13 11:30:00,0.2847333291829763
2020-04-13 12:00:00,0.2979896889566781
2020-04-13 12:30:00,0.3006540469872297
2020-04-13 13:00:00,0.2950896710582631
2020-04-13 13:30:00,0.2841311175614577
2020-04-13 14:00:00,0.27569034964164246
2020-04-13 14:30:00,0.2687501692567489
2020-04-13 15:00:00,0.2661438643455795
2020-04-13 15:30:00,0.2693413616802722
2020-04-13 16:00:00,0.2872841178805164
2020-04-13 16:30:00,0.3149596118378559
2020-04-13 17:00:00,0.34553540384271175
2020-04-13 17:30:00,0.3617197186057911
2020-04-13 18:00:00,0.3636553543497039
2020-04-13 18:30:00,0.3534479350676637
2020-04-13 19:00:00,0.34130496564282564
2020-04-13 19:30:00,0.32730078675206037
2020-04-13 20:00:00,0.3245161591558175
2020-04-13 20:30:00,0.31492365158790075
2020-04-13 21:00:00,0.2948250157583868
2020-04-13 21:30:00,0.2702728652249364
2020-04-13 22:00:00,0.2509712146798129
2020-04-13 22:30:00,0.2241724317720209
2020-04-13 23:00:00,0.19710679906305686
2020-04-13 23:30:00,0.17561525411858092
2020-04-14 00:00:00,0.1587122246173241
2020-04-14 00:30:00,0.15166340085445482
2020-04-14 01:00:00,0.16359508282096522
2020-04-14 01:30:00,0.15318361017621046
2020-04-14 02:00:00,0.14505779111252748
2020-04-14 02:30:00,0.13837787692475118
2020-04-14 03:00:00,0.132678839038647
2020-04-14 03:30:00,0.1284444358079486
2020-04-14 04:00:00,0.1259714194661652
2020-04-14 04:30:00,0.12397833741401429
2020-04-14 05:00:00,0.1279364579689869
2020-04-14 05:30:00,0.134426695995523
2020-04-14 06:00:00,0.14861347313766948
2020-04-14 06:30:00,0.16330868362144016
2020-04-14 07:00:00,0.18216399546076362
2020-04-14 07:30:00,0.19981427216764092
2020-04-14 08:00:00,0.21459114686564842
2020-04-14 08:30:00,0.229101697550056
2020-04-14 09:00:00,0.23825988854258154
2020-04-14 09:30:00,0.24562448021514235
2020-04-14 10:00:00,0.25177698412081534
2020-04-14 10:30:00,0.25447077934695583
2020-04-14 11:00:00,0.2549900356757008
2020-04-14 11:30:00,0.25741410694854655
2020-04-14 12:00:00,0.269961441007306
2020-04-14 12:30:00,0.2713894372765427
2020-04-14 13:00:00,0.2649256645422043
2020-04-14 13:30:00,0.25356125446914335
2020-04-14 14:00:00,0.24535548733094975
2020-04-14 14:30:00,0.23792654282605316
2020-04-14 15:00:00,0.23786631431680388
2020-04-14 15:30:00,0.2413685760920256
2020-04-14 16:00:00,0.2589469454375874
2020-04-14 16:30:00,0.289934299704648
2020-04-14 17:00:00,0.32479144256179077
2020-04-14 17:30:00,0.3465604616819522
2020-04-14 18:00:00,0.35250590704181567
2020-04-14 18:30:00,0.34472586662521376
2020-04-14 19:00:00,0.3368659868334123
2020-04-14 19:30:00,0.3248289043129513
2020-04-14 20:00:00,0.3218683273744752
2020-04-14 20:30:00,0.3127228198352247
2020-04-14 21:00:00,0.29517332504274824
2020-04-14 21:30:00,0.27101341520286026
2020-04-14 22:00:00,0.2501299772269762
2020-04-14 22:30:00,0.22422015389398425
2020-04-14 23:00:00,0.19626155556073707
2020-04-14 23:30:00,0.1739860563807215
2020-04-15 00:00:00,0.15680221667793665
2020-04-15 00:30:00,0.1518687170160344
2020-04-15 01:00:00,0.16482695233659364
2020-04-15 01:30:00,0.15360479883250658
2020-04-15 02:00:00,0.1464913718823502
2020-04-15 02:30:00,0.13829693770619067
2020-04-15 03:00:00,0.13314854259654565
2020-04-15 03:30:00,0.12877843841932468
2020-04-15 04:00:00,0.12654478700943872
2020-04-15 04:30:00,0.12376663173826997
2020-04-15 05:00:00,0.1277820501874462
2020-04-15 05:30:00,0.13349691861096893
2020-04-15 06:00:00,0.1478333346269377
2020-04-15 06:30:00,0.16228700936828136
2020-04-15 07:00:00,0.18095230481453597
2020-04-15 07:30:00,0.19787245321680547
2020-04-15 08:00:00,0.2106348804719031
2020-04-15 08:30:00,0.22474223843526844
2020-04-15 09:00:00,0.2343088356281336
2020-04-15 09:30:00,0.24077921795687737
2020-04-15 10:00:00,0.24363448254451175
2020-04-15 10:30:00,0.2450509694043868
2020-04-15 11:00:00,0.24624763471822295
2020-04-15 11:30:00,0.24917851183222992
2020-04-15 12:00:00,0.2591625854722414
2020-04-15 12:30:00,0.2596158425370412
2020-04-15 13:00:00,0.25160964895260135
2020-04-15 13:30:00,0.24066313264981398
2020-04-15 14:00:00,0.23150703569460496
2020-04-15 14:30:00,0.22588195711059209
2020-04-15 15:00:00,0.22456089534631027
2020-04-15 15:30:00,0.22891396572599418
2020-04-15 16:00:00,0.24734018658222354
2020-04-15 16:30:00,0.277920492999286
2020-04-15 17:00:00,0.31147298283195185
2020-04-15 17:30:00,0.33044556983639134
2020-04-15 18:00:00,0.33740711247710414
2020-04-15 18:30:00,0.33255234236751435
2020-04-15 19:00:00,0.32409643444785935
2020-04-15 19:30:00,0.31242858029865567
2020-04-15 20:00:00,0.3099765530408868
2020-04-15 20:30:00,0.304278786749868
2020-04-15 21:00:00,0.28852111080065806
2020-04-15 21:30:00,0.26481745366489695
2020-04-15 22:00:00,0.24304577628760368
2020-04-15 22:30:00,0.21776347365806714
2020-04-15 23:00:00,0.1915951383067896
2020-04-15 23:30:00,0.16974373661171652
2020-04-16 00:00:00,0.15364005308745468
2020-04-16 00:30:00,0.1475522026636864
2020-04-16 01:00:00,0.1595612772097498
2020-04-16 01:30:00,0.14878244612353192
2020-04-16 02:00:00,0.14093587575442573
2020-04-16 02:30:00,0.1335853179836471
2020-04-16 03:00:00,0.12836547561789224
2020-04-16 03:30:00,0.12421906660667471
2020-04-16 04:00:00,0.12167197027291213
2020-04-16 04:30:00,0.11917294907102138
2020-04-16 05:00:00,0.12279203450576393
2020-04-16 05:30:00,0.12801224147828666
2020-04-16 06:00:00,0.1419635703535911
2020-04-16 06:30:00,0.15585245062293462
2020-04-16 07:00:00,0.17238696414441532
2020-04-16 07:30:00,0.19115897630831769
2020-04-16 08:00:00,0.20627343956061003
2020-04-16 08:30:00,0.2184624998060602
2020-04-16 09:00:00,0.22882113322886435
2020-04-16 09:30:00,0.23544389710331554
2020-04-16 10:00:00,0.23896082447035435
2020-04-16 10:30:00,0.2411315522043022
2020-04-16 11:00:00,0.24232244951786938
2020-04-16 11:30:00,0.2456771005453543
2020-04-16 12:00:00,0.2585233695610013
2020-04-16 12:30:00,0.2581135624907881
2020-04-16 13:00:00,0.25285799840194884
2020-04-16 13:30:00,0.240790546673183
2020-04-16 14:00:00,0.23298007866136067
2020-04-16 14:30:00,0.2276778219957022
2020-04-16 15:00:00,0.22705607143134193
2020-04-16 15:30:00,0.23102177538845836
2020-04-16 16:00:00,0.25151371143537576
2020-04-16 16:30:00,0.28303026189220204
2020-04-16 17:00:00,0.31385005585378695
2020-04-16 17:30:00,0.3337079855400751
2020-04-16 18:00:00,0.3388482871505258
2020-04-16 18:30:00,0.332192889502591
2020-04-16 19:00:00,0.32351919973934884
2020-04-16 19:30:00,0.3087435457845909
2020-04-16 20:00:00,0.30857564309429997
2020-04-16 20:30:00,0.29811837899897586
2020-04-16 21:00:00,0.2822326930834393
2020-04-16 21:30:00,0.2612803627393179
2020-04-16 22:00:00,0.24069186551649227
2020-04-16 22:30:00,0.21608260154528805
2020-04-16 23:00:00,0.1901668011294876
2020-04-16 23:30:00,0.1685451717503957
2020-04-17 00:00:00,0.15226892822788354
2020-04-17 00:30:00,0.14715789555341796
2020-04-17 01:00:00,0.158462640109293
2020-04-17 01:30:00,0.14745457155939812
2020-04-17 02:00:00,0.13834073309641678
2020-04-17 02:30:00,0.13073782167156728
2020-04-17 03:00:00,0.12566032671931004
2020-04-17 03:30:00,0.12240802413600552
2020-04-17 04:00:00,0.11916614065153508
2020-04-17 04:30:00,0.11662388735539503
2020-04-17 05:00:00,0.1195481062221361
2020-04-17 05:30:00,0.12492550494281848
2020-04-17 06:00:00,0.13675421593332046
2020-04-17 06:30:00,0.14977147509207211
2020-04-17 07:00:00,0.16613804225625117
2020-04-17 07:30:00,0.18393375460360534
2020-04-17 08:00:00,0.20140509401046716
2020-04-17 08:30:00,0.215925078503586
2020-04-17 09:00:00,0.22729114169412676
2020-04-17 09:30:00,0.23653124248885438
2020-04-17 10:00:00,0.24428561127651646
2020-04-17 10:30:00,0.24738977018980288
2020-04-17 11:00:00,0.25055953045527846
2020-04-17 11:30:00,0.25909751426622013
2020-04-17 12:00:00,0.2732564895794566
2020-04-17 12:30:00,0.2788636490509861
2020-04-17 13:00:00,0.27508608578340144
2020-04-17 13:30:00,0.2657182344001986
2020-04-17 14:00:00,0.25697920543356906
2020-04-17 14:30:00,0.2517689957821611
2020-04-17 15:00:00,0.25187323321212307
2020-04-17 15:30:00,0.25664340929002843
2020-04-17 16:00:00,0.27468717678345766
2020-04-17 16:30:00,0.3033709265993162
2020-04-17 17:00:00,0.33640783240422695
2020-04-17 17:30:00,0.35649647611589663
2020-04-17 18:00:00,0.3606484722082231
2020-04-17 18:30:00,0.35485776533800595
2020-04-17 19:00:00,0.3417449622800964
2020-04-17 19:30:00,0.3260928615179449
2020-04-17 20:00:00,0.31514943749660795
2020-04-17 20:30:00,0.304664451801484
2020-04-17 21:00:00,0.2887900013180643
2020-04-17 21:30:00,0.26851502205819633
2020-04-17 22:00:00,0.24955958039030215
2020-04-17 22:30:00,0.22737484977941808
2020-04-17 23:00:00,0.20278042596742057
2020-04-17 23:30:00,0.18144375353745232
2020-04-18 00:00:00,0.164097583290044
2020-04-18 00:30:00,0.15797241390004502
2020-04-18 01:00:00,0.1705815067802787
2020-04-18 01:30:00,0.15815153793680825
2020-04-18 02:00:00,0.14855061500662675
2020-04-18 02:30:00,0.13976668242368825
2020-04-18 03:00:00,0.13341532561112623
2020-04-18 03:30:00,0.12887881416984925
2020-04-18 04:00:00,0.12429936409334903
2020-04-18 04:30:00,0.12059307044173233
2020-04-18 05:00:00,0.12217559279508113
2020-04-18 05:30:00,0.12514524447473171
2020-04-18 06:00:00,0.13425664813294716
2020-04-18 06:30:00,0.143602539977543
2020-04-18 07:00:00,0.1594002741338454
2020-04-18 07:30:00,0.17623701185562626
2020-04-18 08:00:00,0.1927243160364574
2020-04-18 08:30:00,0.21337080774681147
2020-04-18 09:00:00,0.2358619682972348
2020-04-18 09:30:00,0.25288676279271466
2020-04-18 10:00:00,0.2694091049884621
2020-04-18 10:30:00,0.2804729049543898
2020-04-18 11:00:00,0.28856661865601124
2020-04-18 11:30:00,0.29973683965989856
2020-04-18 12:00:00,0.31233832024655805
2020-04-18 12:30:00,0.3184484350075111
2020-04-18 13:00:00,0.3134566587681396
2020-04-18 13:30:00,0.30283684120862964
2020-04-18 14:00:00,0.2951144279762733
2020-04-18 14:30:00,0.28909947498025357
2020-04-18 15:00:00,0.2846375040654182
2020-04-18 15:30:00,0.28460249500534324
2020-04-18 16:00:00,0.2967430965323915
2020-04-18 16:30:00,0.32088314051634675
2020-04-18 17:00:00,0.3502042156452788
2020-04-18 17:30:00,0.36371558332946125
2020-04-18 18:00:00,0.369247750468491
2020-04-18 18:30:00,0.3631037107590329
2020-04-18 19:00:00,0.35273539934024073
2020-04-18 19:30:00,0.33662587309699704
2020-04-18 20:00:00,0.3222915563195964
2020-04-18 20:30:00,0.31051413991234195
2020-04-18 21:00:00,0.29351849958958626
2020-04-18 21:30:00,0.2756671854914896
2020-04-18 22:00:00,0.2551417398441975
2020-04-18 22:30:00,0.2334899797116262
2020-04-18 23:00:00,0.21004267560807519
2020-04-18 23:30:00,0.1882143614920587
2020-04-19 00:00:00,0.16976634891626718
2020-04-19 00:30:00,0.1621846411175728
2020-04-19 01:00:00,0.17409222879133507
2020-04-19 01:30:00,0.1617786302177471
2020-04-19 02:00:00,0.15124135203052771
2020-04-19 02:30:00,0.14197308217265878
2020-04-19 03:00:00,0.13573075044387764
2020-04-19 03:30:00,0.13030472565466136
2020-04-19 04:00:00,0.12574647909157854
2020-04-19 04:30:00,0.12226764208992709
2020-04-19 05:00:00,0.12347299328900677
2020-04-19 05:30:00,0.1258185256077432
2020-04-19 06:00:00,0.1350621575753819
2020-04-19 06:30:00,0.1437755106785283
2020-04-19 07:00:00,0.15759576578531356
2020-04-19 07:30:00,0.17287744490251383
2020-04-19 08:00:00,0.190413719351539
2020-04-19 08:30:00,0.2124186324044512
2020-04-19 09:00:00,0.23675871207718224
2020-04-19 09:30:00,0.255103413537913
2020-04-19 10:00:00,0.2708518191328605
2020-04-19 10:30:00,0.2805371227091325
2020-04-19 11:00:00,0.2884372505715061
2020-04-19 11:30:00,0.29646946414041614
2020-04-19 12:00:00,0.30796563214382583
2020-04-19 12:30:00,0.3085518307567126
2020-04-19 13:00:00,0.3014292500348714
2020-04-19 13:30:00,0.29028191497605504
2020-04-19 14:00:00,0.2806597337383569
2020-04-19 14:30:00,0.27389670350107714
2020-04-19 15:00:00,0.273674085209925
2020-04-19 15:30:00,0.2795851169350465
2020-04-19 16:00:00,0.2995495327247649
2020-04-19 16:30:00,0.32723653580893625
2020-04-19 17:00:00,0.35325308804612304
2020-04-19 17:30:00,0.35914960556700715
2020-04-19 18:00:00,0.3569500410706259
2020-04-19 18:30:00,0.3449573330440308
2020-04-19 19:00:00,0.33139225547479184
2020-04-19 19:30:00,0.31717955612727233
2020-04-19 20:00:00,0.30914389442524387
2020-04-19 20:30:00,0.3040243866528215
2020-04-19 21:00:00,0.29016527439827655
2020-04-19 21:30:00,0.26860149869038935
2020-04-19 22:00:00,0.24792339940796307
2020-04-19 22:30:00,0.22099960479208955
2020-04-19 23:00:00,0.19361052174789034
2020-04-19 23:30:00,0.17200902771858315
2020-04-20 00:00:00,0.1553432082884531
2020-04-20 00:30:00,0.14934857842491495
2020-04-20 01:00:00,0.16179029124710728
2020-04-20 01:30:00,0.15022764001114522
2020-04-20 02:00:00,0.1423461243759917
2020-04-20 02:30:00,0.13508741147788406
2020-04-20 03:00:00,0.13030429465895815
2020-04-20 03:30:00,0.12699013992941616
2020-04-20 04:00:00,0.12324527119063851
2020-04-20 04:30:00,0.12077725063463576
2020-04-20 05:00:00,0.12399098360021366
2020-04-20 05:30:00,0.12981813960327857
2020-04-20 06:00:00,0.1441984536680882
2020-04-20 06:30:00,0.1578196952224691
2020-04-20 07:00:00,0.17691010618537556
2020-04-20 07:30:00,0.19525419281938564
2020-04-20 08:00:00,0.21027735684046772
2020-04-20 08:30:00,0.22658906887291122
2020-04-20 09:00:00,0.23384528407024183
2020-04-20 09:30:00,0.2385528399284892
2020-04-20 10:00:00,0.2427306653458297
2020-04-20 10:30:00,0.2450445163337487
2020-04-20 11:00:00,0.24440703190904803
2020-04-20 11:30:00,0.2525055993684747
2020-04-20 12:00:00,0.26253779476979516
2020-04-20 12:30:00,0.2658106894923807
2020-04-20 13:00:00,0.25937770778029745
2020-04-20 13:30:00,0.24970567202990412
2020-04-20 14:00:00,0.24219009070364983
2020-04-20 14:30:00,0.23722929581388869
2020-04-20 15:00:00,0.23618971922112486
2020-04-20 15:30:00,0.23890542119722952
2020-04-20 16:00:00,0.25492647912394073
2020-04-20 16:30:00,0.2867574817165191
2020-04-20 17:00:00,0.3217639747707308
2020-04-20 17:30:00,0.3394297300643884
2020-04-20 18:00:00,0.34390513632107206
2020-04-20 18:30:00,0.33753448129087177
2020-04-20 19:00:00,0.32754622492570556
2020-04-20 19:30:00,0.3137206946454413
2020-04-20 20:00:00,0.30782568857038944
2020-04-20 20:30:00,0.304432559183389
2020-04-20 21:00:00,0.29065350771969206
2020-04-20 21:30:00,0.2667724972139673
2020-04-20 22:00:00,0.24607738205794943
2020-04-20 22:30:00,0.21912170999171943
2020-04-20 23:00:00,0.19201900678703274
2020-04-20 23:30:00,0.17014302297685288
2020-04-21 00:00:00,0.15249822006222039
2020-04-21 00:30:00,0.14809162036248824
2020-04-21 01:00:00,0.16033958082352578
2020-04-21 01:30:00,0.14880113829425762
2020-04-21 02:00:00,0.14067435556859778
2020-04-21 02:30:00,0.13312093131008923
2020-04-21 03:00:00,0.12764676628441263
2020-04-21 03:30:00,0.12417132575523576
2020-04-21 04:00:00,0.12104227157595615
2020-04-21 04:30:00,0.11885531822885302
2020-04-21 05:00:00,0.12246768700916623
2020-04-21 05:30:00,0.12795848616591643
2020-04-21 06:00:00,0.14215566143367908
2020-04-21 06:30:00,0.15561918624854254
2020-04-21 07:00:00,0.1736550475293244
2020-04-21 07:30:00,0.1912261330203321
2020-04-21 08:00:00,0.2064907104247105
2020-04-21 08:30:00,0.22116058687258675
2020-04-21 09:00:00,0.2302047104247103
2020-04-21 09:30:00,0.2346297837837838
2020-04-21 10:00:00,0.23879989343711622
2020-04-21 10:30:00,0.23922226855391082
2020-04-21 11:00:00,0.23938978548593837
2020-04-21 11:30:00,0.24436294420163396
2020-04-21 12:00:00,0.25956491019443695
2020-04-21 12:30:00,0.26015764235301386
2020-04-21 13:00:00,0.25254078638497657
2020-04-21 13:30:00,0.24115604151223125
2020-04-21 14:00:00,0.23278751727705832
2020-04-21 14:30:00,0.22639963862957227
2020-04-21 15:00:00,0.22618303888562857
2020-04-21 15:30:00,0.22994479148167307
2020-04-21 16:00:00,0.24898476553753018
2020-04-21 16:30:00,0.2809416333999955
2020-04-21 17:00:00,0.3149831826359557
2020-04-21 17:30:00,0.33256148221359116
2020-04-21 18:00:00,0.33897495926923976
2020-04-21 18:30:00,0.3322239827040384
2020-04-21 19:00:00,0.3218016909891128
2020-04-21 19:30:00,0.3083471623812832
2020-04-21 20:00:00,0.30106592541116517
2020-04-21 20:30:00,0.2975315188016368
2020-04-21 21:00:00,0.2854436800247084
2020-04-21 21:30:00,0.2632388078140684
2020-04-21 22:00:00,0.24430281059377654
2020-04-21 22:30:00,0.21692399814686128
2020-04-21 23:00:00,0.19062445371013825
2020-04-21 23:30:00,0.16955720793761106
2020-04-22 00:00:00,0.15218484144203967
2020-04-22 00:30:00,0.14743164339983947
2020-04-22 01:00:00,0.15813522092335122
2020-04-22 01:30:00,0.1469385860417932
2020-04-22 02:00:00,0.13848285878962535
2020-04-22 02:30:00,0.13123960070391688
2020-04-22 03:00:00,0.12582109703992872
2020-04-22 03:30:00,0.12178198094359925
2020-04-22 04:00:00,0.11891395817005532
2020-04-22 04:30:00,0.11715713693009833
2020-04-22 05:00:00,0.12054989320671812
2020-04-22 05:30:00,0.12693458769658655
2020-04-22 06:00:00,0.13958655951566937
2020-04-22 06:30:00,0.15307646801220054
2020-04-22 07:00:00,0.17157251515454164
2020-04-22 07:30:00,0.19043237885970232
2020-04-22 08:00:00,0.2054933005531654
2020-04-22 08:30:00,0.2201492689822603
2020-04-22 09:00:00,0.2281809744779582
2020-04-22 09:30:00,0.2331724914146108
2020-04-22 10:00:00,0.23430249531360436
2020-04-22 10:30:00,0.23411815004033343
2020-04-22 11:00:00,0.2332350921131477
2020-04-22 11:30:00,0.23614992279149097
2020-04-22 12:00:00,0.2489088171349113
2020-04-22 12:30:00,0.2492204842972158
2020-04-22 13:00:00,0.24165880247065338
2020-04-22 13:30:00,0.23423313717657185
2020-04-22 14:00:00,0.22446621289410615
2020-04-22 14:30:00,0.2185804025505108
2020-04-22 15:00:00,0.21866281017131434
2020-04-22 15:30:00,0.22220153645233168
2020-04-22 16:00:00,0.2419761081662442
2020-04-22 16:30:00,0.27339561807161333
2020-04-22 17:00:00,0.3070015287348375
2020-04-22 17:30:00,0.3257077395813328
2020-04-22 18:00:00,0.3322024105825957
2020-04-22 18:30:00,0.3257109704479284
2020-04-22 19:00:00,0.3161474684468069
2020-04-22 19:30:00,0.30353119214607793
2020-04-22 20:00:00,0.29765618350399853
2020-04-22 20:30:00,0.2930005300475508
2020-04-22 21:00:00,0.28103574364134976
2020-04-22 21:30:00,0.2598391113637586
2020-04-22 22:00:00,0.239988769137405
2020-04-22 22:30:00,0.21472916106531884
2020-04-22 23:00:00,0.18871849865951734
2020-04-22 23:30:00,0.16695529198482081
2020-04-23 00:00:00,0.15052813839512053
2020-04-23 00:30:00,0.14500596106869068
2020-04-23 01:00:00,0.15518870198767032
2020-04-23 01:30:00,0.14395174007508466
2020-04-23 02:00:00,0.1353814806568755
2020-04-23 02:30:00,0.127395688424156
2020-04-23 03:00:00,0.12256517933914762
2020-04-23 03:30:00,0.11884761546493067
2020-04-23 04:00:00,0.11747924087949893
2020-04-23 04:30:00,0.11491530524505608
2020-04-23 05:00:00,0.11836715391229584
2020-04-23 05:30:00,0.1237917485566885
2020-04-23 06:00:00,0.13685431765139422
2020-04-23 06:30:00,0.14997385149244571
2020-04-23 07:00:00,0.16827214869180693
2020-04-23 07:30:00,0.18637407873725578
2020-04-23 08:00:00,0.20211312338779017
2020-04-23 08:30:00,0.21694851676698187
2020-04-23 09:00:00,0.2260074622282274
2020-04-23 09:30:00,0.2296330456946321
2020-04-23 10:00:00,0.2314524091020759
2020-04-23 10:30:00,0.2329447012037834
2020-04-23 11:00:00,0.23251896265815
2020-04-23 11:30:00,0.23719563014371708
2020-04-23 12:00:00,0.248062814764771
2020-04-23 12:30:00,0.24827563413585554
2020-04-23 13:00:00,0.2421174302911191
2020-04-23 13:30:00,0.22947835800270222
2020-04-23 14:00:00,0.22193392242967688
2020-04-23 14:30:00,0.21597773615035018
2020-04-23 15:00:00,0.2153609556492165
2020-04-23 15:30:00,0.21941060050054498
2020-04-23 16:00:00,0.2386455649557032
2020-04-23 16:30:00,0.26957604907184207
2020-04-23 17:00:00,0.3012205085292266
2020-04-23 17:30:00,0.3186964792949375
2020-04-23 18:00:00,0.3258914231755437
2020-04-23 18:30:00,0.3200862979625053
2020-04-23 19:00:00,0.31131207296288893
2020-04-23 19:30:00,0.2948759922615119
2020-04-23 20:00:00,0.29457046784074675
2020-04-23 20:30:00,0.2882242395860522
2020-04-23 21:00:00,0.2768622733344594
2020-04-23 21:30:00,0.2582416358304287
2020-04-23 22:00:00,0.24004527169156606
2020-04-23 22:30:00,0.2156705768551643
2020-04-23 23:00:00,0.18979550584225152
2020-04-23 23:30:00,0.16794351210674202
2020-04-24 00:00:00,0.1517721905756268
2020-04-24 00:30:00,0.14515734926069804
2020-04-24 01:00:00,0.15412042575381127
2020-04-24 01:30:00,0.14278918591454254
2020-04-24 02:00:00,0.1349063218919665
2020-04-24 02:30:00,0.12801165608416926
2020-04-24 03:00:00,0.12394081469893564
2020-04-24 03:30:00,0.12044636667586897
2020-04-24 04:00:00,0.11757110211343223
2020-04-24 04:30:00,0.11483482868623669
2020-04-24 05:00:00,0.11790351522959432
2020-04-24 05:30:00,0.1226096592129077
2020-04-24 06:00:00,0.13410818686543363
2020-04-24 06:30:00,0.14719358301892582
2020-04-24 07:00:00,0.1647355413094491
2020-04-24 07:30:00,0.18330113645077667
2020-04-24 08:00:00,0.2010482569820406
2020-04-24 08:30:00,0.2149747941045657
2020-04-24 09:00:00,0.22384866493872993
2020-04-24 09:30:00,0.22950867291382288
2020-04-24 10:00:00,0.23170638620922343
2020-04-24 10:30:00,0.23168049016149558
2020-04-24 11:00:00,0.23151042896799226
2020-04-24 11:30:00,0.23476154471420024
2020-04-24 12:00:00,0.24503278990230515
2020-04-24 12:30:00,0.24602721500544458
2020-04-24 13:00:00,0.23880941681683995
2020-04-24 13:30:00,0.2276464169318661
2020-04-24 14:00:00,0.217983160154902
2020-04-24 14:30:00,0.21287521184003674
2020-04-24 15:00:00,0.21171605383229167
2020-04-24 15:30:00,0.21406933783213836
2020-04-24 16:00:00,0.22988519700013813
2020-04-24 16:30:00,0.2560723509654463
2020-04-24 17:00:00,0.286143981105164
2020-04-24 17:30:00,0.3044197046148182
2020-04-24 18:00:00,0.3125841755747435
2020-04-24 18:30:00,0.3098944910510252
2020-04-24 19:00:00,0.30390704415440994
2020-04-24 19:30:00,0.294603645537782
2020-04-24 20:00:00,0.28854600248454815
2020-04-24 20:30:00,0.2813656426851525
2020-04-24 21:00:00,0.2718646534668651
2020-04-24 21:30:00,0.25445362176586966
2020-04-24 22:00:00,0.23758816312132877
2020-04-24 22:30:00,0.21692148367406405
2020-04-24 23:00:00,0.19383403371010555
2020-04-24 23:30:00,0.1734922932993881
2020-04-25 00:00:00,0.15712319985276754
2020-04-25 00:30:00,0.14995187338005922
2020-04-25 01:00:00,0.15756221543815957
2020-04-25 01:30:00,0.14548130424020586
2020-04-25 02:00:00,0.13740660370989882
2020-04-25 02:30:00,0.12924837420022658
2020-04-25 03:00:00,0.12632732768772648
2020-04-25 03:30:00,0.12223437019479606
2020-04-25 04:00:00,0.11793835837352527
2020-04-25 04:30:00,0.11377352815427666
2020-04-25 05:00:00,0.11453230972329534
2020-04-25 05:30:00,0.11729472168258098
2020-04-25 06:00:00,0.12554206077153302
2020-04-25 06:30:00,0.1346826183814761
2020-04-25 07:00:00,0.14894623462346235
2020-04-25 07:30:00,0.1645735523552355
2020-04-25 08:00:00,0.18247483498349834
2020-04-25 08:30:00,0.2034071182118212
2020-04-25 09:00:00,0.22406024602460248
2020-04-25 09:30:00,0.24073853135313533
2020-04-25 10:00:00,0.25292634263426345
2020-04-25 10:30:00,0.2593156615661566
2020-04-25 11:00:00,0.26317398739874
2020-04-25 11:30:00,0.26626919441944197
2020-04-25 12:00:00,0.27443567356735676
2020-04-25 12:30:00,0.272950405040504
2020-04-25 13:00:00,0.26419391689168914
2020-04-25 13:30:00,0.2527624437443743
2020-04-25 14:00:00,0.24154102160216018
2020-04-25 14:30:00,0.23364968496849675
2020-04-25 15:00:00,0.22966527902790276
2020-04-25 15:30:00,0.22849506450645046
2020-04-25 16:00:00,0.24059463696369637
2020-04-25 16:30:00,0.26460156765676573
2020-04-25 17:00:00,0.2931107710771076
2020-04-25 17:30:00,0.309492604260426
2020-04-25 18:00:00,0.3158280378037804
2020-04-25 18:30:00,0.3144572682268228
2020-04-25 19:00:00,0.3079725172517253
2020-04-25 19:30:00,0.29956829432943294
2020-04-25 20:00:00,0.29118724122412254
2020-04-25 20:30:00,0.28205508550855085
2020-04-25 21:00:00,0.2738392064206421
2020-04-25 21:30:00,0.25827196219621945
2020-04-25 22:00:00,0.2410168391839185
2020-04-25 22:30:00,0.2195882763276329
2020-04-25 23:00:00,0.19684739723972408
2020-04-25 23:30:00,0.17618334083408335
2020-04-26 00:00:00,0.15984034653465354
2020-04-26 00:30:00,0.15112877287728785
2020-04-26 01:00:00,0.15927624877166927
2020-04-26 01:30:00,0.14701294716865074
2020-04-26 02:00:00,0.1384187501406486
2020-04-26 02:30:00,0.1303212188041498
2020-04-26 03:00:00,0.1264211430414595
2020-04-26 03:30:00,0.12252940117469681
2020-04-26 04:00:00,0.11815871908544687
2020-04-26 04:30:00,0.11387344630225575
2020-04-26 05:00:00,0.11480465978051334
2020-04-26 05:30:00,0.11704618523602714
2020-04-26 06:00:00,0.1245839278079079
2020-04-26 06:30:00,0.13173244719155072
2020-04-26 07:00:00,0.14328844365098414
2020-04-26 07:30:00,0.15896186389822367
2020-04-26 08:00:00,0.17746697221555455
2020-04-26 08:30:00,0.20107997029524727
2020-04-26 09:00:00,0.22586146033365334
2020-04-26 09:30:00,0.24153812109937575
2020-04-26 10:00:00,0.25628925378060485
2020-04-26 10:30:00,0.2639863778204513
2020-04-26 11:00:00,0.27117670577292363
2020-04-26 11:30:00,0.2785839684349496
2020-04-26 12:00:00,0.2902818404806733
2020-04-26 12:30:00,0.29342262194984736
2020-04-26 13:00:00,0.28653052590520045
2020-04-26 13:30:00,0.2768812118848123
2020-04-26 14:00:00,0.2692996932032135
2020-04-26 14:30:00,0.26692525860193667
2020-04-26 15:00:00,0.2684756700396809
2020-04-26 15:30:00,0.2763774725645661
2020-04-26 16:00:00,0.2967473914772004
2020-04-26 16:30:00,0.3233140128869651
2020-04-26 17:00:00,0.3473030912214113
2020-04-26 17:30:00,0.35255664488834537
2020-04-26 18:00:00,0.347686159639345
2020-04-26 18:30:00,0.3327491842505984
2020-04-26 19:00:00,0.31983184685664556
2020-04-26 19:30:00,0.30770930816949593
2020-04-26 20:00:00,0.2993556142311703
2020-04-26 20:30:00,0.2868184873193161
2020-04-26 21:00:00,0.27515320336351284
2020-04-26 21:30:00,0.2548974443602647
2020-04-26 22:00:00,0.23440875233473116
2020-04-26 22:30:00,0.20888774538117055
2020-04-26 23:00:00,0.18358574182562842
2020-04-26 23:30:00,0.16281247140188887
2020-04-27 00:00:00,0.14771335128607116
2020-04-27 00:30:00,0.14192317328392579
